ticket_key,dev_start_utc,review_start_utc,review_end_utc,testing_end_utc,dev_duration_hours,review_duration_hours,testing_duration_hours,exception_reason
BOOKKEEPER-1,2011-04-26T17:19:10,,,2011-05-25T09:42:40,,,,missing_dev_boundary
BOOKKEEPER-10,2009-07-11T07:45:46,,,2017-10-09T09:58:01,,,,missing_dev_boundary
BOOKKEEPER-100,2011-10-27T14:05:41,,,2011-10-27T17:12:52,,,,missing_dev_boundary
BOOKKEEPER-1000,2017-02-08T16:13:42,,,,,,,missing_dev_boundary
BOOKKEEPER-1001,2017-02-10T10:31:48,2017-02-10T12:02:41,2017-03-23T14:58:23,2017-03-23T14:58:19,1.5147,986.9283,,missing_testing_boundary
BOOKKEEPER-1002,2017-02-10T17:03:06,,,2017-04-11T18:18:02,,,,missing_dev_boundary
BOOKKEEPER-1003,2017-02-10T17:16:13,2017-02-10T22:49:31,2017-03-22T23:54:57,2017-03-22T23:54:53,5.5550,961.0906,,missing_testing_boundary
BOOKKEEPER-1004,2017-02-13T23:15:45,2017-02-14T18:09:07,2017-03-28T20:39:36,2017-03-28T20:39:34,18.8894,1010.5081,,missing_testing_boundary
BOOKKEEPER-1005,2017-02-14T02:35:30,,,,,,,missing_dev_boundary
BOOKKEEPER-1006,2017-02-14T21:20:23,,,,,,,missing_dev_boundary
BOOKKEEPER-1007,2017-02-16T12:16:36,2017-02-17T14:22:43,2017-03-23T00:00:15,2017-03-23T00:00:09,26.1019,801.6256,,missing_testing_boundary
BOOKKEEPER-1008,2017-02-22T16:38:22,2017-03-14T09:30:41,2017-05-15T23:31:44,2017-05-15T17:56:12,472.8719,1502.0175,,missing_testing_boundary
BOOKKEEPER-1009,2017-02-27T22:57:41,2017-03-03T23:49:41,2017-03-22T21:55:03,2017-02-28T17:03:32,96.8667,454.0894,,missing_testing_boundary
BOOKKEEPER-101,2011-10-27T14:08:05,,,2011-11-16T16:06:31,,,,missing_dev_boundary
BOOKKEEPER-1010,2017-03-16T17:58:01,2017-03-17T22:19:53,2017-05-26T22:57:28,2017-05-26T14:53:13,28.3644,1680.6264,,missing_testing_boundary
BOOKKEEPER-1011,2017-03-20T15:29:25,,,,,,,missing_dev_boundary
BOOKKEEPER-1012,2017-03-21T07:49:55,,,2017-07-26T11:04:01,,,,missing_dev_boundary
BOOKKEEPER-1013,2017-03-23T03:06:29,2017-03-23T03:52:54,2017-03-23T14:55:28,2017-03-23T14:55:25,0.7736,11.0428,,missing_testing_boundary
BOOKKEEPER-1014,2017-03-23T15:46:15,,,2017-10-06T09:06:33,,,,missing_dev_boundary
BOOKKEEPER-1015,2017-03-23T17:31:08,2017-03-27T18:54:16,2017-03-27T18:57:11,2017-03-23T18:09:30,97.3856,0.0486,,missing_testing_boundary
BOOKKEEPER-1016,2017-03-24T11:24:57,,,2017-08-02T08:49:54,,,,missing_dev_boundary
BOOKKEEPER-1017,2017-03-24T11:26:35,2017-06-09T15:37:06,2017-07-26T09:07:06,2017-07-28T00:05:31,1852.1753,1121.5000,38.9736,
BOOKKEEPER-1018,2017-03-27T19:13:25,2017-03-29T00:06:08,2017-04-15T11:59:11,2017-04-03T19:34:09,28.8786,419.8842,,missing_testing_boundary
BOOKKEEPER-1019,2017-03-28T14:21:08,2017-03-31T13:21:33,2017-05-02T20:07:56,2017-05-22T14:54:57,71.0069,774.7731,474.7836,
BOOKKEEPER-102,2011-11-03T18:08:05,,,2011-11-04T10:25:58,,,,missing_dev_boundary
BOOKKEEPER-1020,2017-04-01T07:35:54,2017-04-03T14:48:24,2017-04-03T16:58:01,2017-04-03T16:58:39,55.2083,2.1603,0.0106,
BOOKKEEPER-1021,2017-04-03T19:13:59,2017-04-03T20:38:08,2017-04-11T06:28:54,2017-05-26T12:53:23,1.4025,177.8461,1086.4081,
BOOKKEEPER-1022,2017-04-06T12:30:39,2017-04-10T09:27:56,2017-04-11T18:19:39,2017-04-11T18:19:38,92.9547,32.8619,,missing_testing_boundary
BOOKKEEPER-1023,2017-04-06T22:31:32,,,2017-10-06T09:02:39,,,,missing_dev_boundary
BOOKKEEPER-1024,2017-04-06T23:10:57,,,2017-10-06T09:01:50,,,,missing_dev_boundary
BOOKKEEPER-1025,2017-04-06T23:14:56,,,,,,,missing_dev_boundary
BOOKKEEPER-1026,2017-04-06T23:17:24,,,,,,,missing_dev_boundary
BOOKKEEPER-1027,2017-04-07T15:18:49,2017-07-17T22:36:45,2017-07-20T13:24:52,2017-07-20T15:24:14,2431.2989,62.8019,1.9894,
BOOKKEEPER-1028,2017-04-08T04:11:08,2017-04-08T05:05:59,2017-07-07T03:11:37,2017-10-09T09:10:03,0.9142,2158.0939,2261.9739,
BOOKKEEPER-1029,2017-04-08T05:00:49,,,2017-10-06T08:45:38,,,,missing_dev_boundary
BOOKKEEPER-103,2011-11-04T09:10:55,,,2011-11-04T09:20:45,,,,missing_dev_boundary
BOOKKEEPER-1030,2017-04-10T08:16:08,,,,,,,missing_dev_boundary
BOOKKEEPER-1031,2017-04-10T18:57:06,2017-04-10T19:26:20,2017-04-11T18:14:36,2017-04-11T18:14:35,0.4872,22.8044,,missing_testing_boundary
BOOKKEEPER-1032,2017-04-11T19:19:25,,,2017-06-22T00:38:03,,,,missing_dev_boundary
BOOKKEEPER-1033,2017-04-11T23:07:03,2017-06-13T06:59:28,2017-07-07T06:20:09,2017-07-07T06:20:09,1495.8736,575.3447,0.0000,
BOOKKEEPER-1034,2017-04-12T00:19:16,2017-06-13T20:43:12,2017-06-28T21:24:14,2017-06-28T21:24:22,1508.3989,360.6839,0.0022,
BOOKKEEPER-1035,2017-04-12T19:35:42,,,2017-04-26T10:26:10,,,,missing_dev_boundary
BOOKKEEPER-1036,2017-04-12T19:36:33,,,2017-10-09T09:09:32,,,,missing_dev_boundary
BOOKKEEPER-1037,2017-04-14T14:57:56,,,2017-04-19T14:23:48,,,,missing_dev_boundary
BOOKKEEPER-1038,2017-04-15T12:13:18,2017-04-18T15:04:13,2017-04-20T17:55:33,2017-04-20T17:55:33,74.8486,50.8556,0.0000,
BOOKKEEPER-1039,2017-04-18T15:16:01,2017-04-18T15:25:29,2017-04-18T17:59:50,2017-04-18T17:59:49,0.1578,2.5725,,missing_testing_boundary
BOOKKEEPER-104,2011-11-04T10:43:11,,,2011-11-16T18:01:40,,,,missing_dev_boundary
BOOKKEEPER-1040,2017-04-20T05:45:10,2017-11-06T20:30:24,2017-11-08T11:27:31,2017-11-08T11:27:31,4814.7539,38.9519,0.0000,
BOOKKEEPER-1041,2017-04-20T06:05:56,,,,,,,missing_dev_boundary
BOOKKEEPER-1042,2017-04-22T11:15:51,2017-04-28T10:28:05,2017-05-01T19:55:56,2017-06-03T00:25:38,143.2039,81.4642,772.4950,
BOOKKEEPER-1043,2017-04-24T09:59:14,2017-04-24T10:01:33,2017-04-25T05:43:17,2017-04-25T05:44:20,0.0386,19.6956,0.0175,
BOOKKEEPER-1044,2017-04-25T00:08:16,2017-07-25T00:41:45,2017-07-25T09:04:42,2017-07-25T09:04:49,2184.5581,8.3825,0.0019,
BOOKKEEPER-1045,2017-05-04T00:38:24,2017-05-04T00:42:29,2017-05-04T08:28:08,2017-05-04T08:32:29,0.0681,7.7608,0.0725,
BOOKKEEPER-1046,2017-05-04T06:45:28,2017-05-04T06:48:31,2017-05-04T18:54:37,2017-05-04T20:39:48,0.0508,12.1017,1.7531,
BOOKKEEPER-1047,2017-05-04T17:21:31,2017-05-04T17:23:16,2017-05-04T18:59:08,2017-05-15T21:21:24,0.0292,1.5978,266.3711,
BOOKKEEPER-1048,2017-05-05T23:52:03,2017-05-05T23:54:55,2017-05-15T22:32:13,2017-05-15T22:32:13,0.0478,238.6217,0.0000,
BOOKKEEPER-1049,2017-05-08T13:10:53,,,,,,,missing_dev_boundary
BOOKKEEPER-105,2011-11-04T10:50:10,,,2011-11-04T16:27:33,,,,missing_dev_boundary
BOOKKEEPER-1050,2017-05-09T17:16:35,2017-05-09T17:18:13,2017-05-09T20:25:17,2017-05-09T20:26:45,0.0272,3.1178,0.0244,
BOOKKEEPER-1051,2017-05-09T17:59:53,2017-05-09T18:01:27,2017-05-09T21:06:21,2017-05-09T21:06:26,0.0261,3.0817,0.0014,
BOOKKEEPER-1052,2017-05-09T20:29:28,2017-05-09T20:31:13,2017-05-09T21:08:01,2017-05-09T21:08:04,0.0292,0.6133,0.0008,
BOOKKEEPER-1053,2017-05-09T23:58:00,2017-05-09T23:59:04,2017-05-10T01:17:44,2017-05-10T01:17:46,0.0178,1.3111,0.0006,
BOOKKEEPER-1054,2017-05-10T00:37:09,2017-05-10T00:38:45,2017-05-10T21:17:59,2017-05-10T21:18:00,0.0267,20.6539,0.0003,
BOOKKEEPER-1055,2017-05-10T17:45:41,2017-05-15T23:05:19,2017-05-17T06:58:11,2017-05-17T06:58:13,125.3272,31.8811,0.0006,
BOOKKEEPER-1056,2017-05-10T17:51:38,2017-06-01T15:49:45,2017-06-01T19:22:52,2017-06-01T19:23:04,525.9686,3.5519,0.0033,
BOOKKEEPER-1057,2017-05-10T18:05:42,2017-05-10T18:08:02,2017-11-16T20:38:13,2017-10-09T09:08:56,0.0389,4562.5031,,missing_testing_boundary
BOOKKEEPER-1058,2017-05-10T18:18:51,2017-05-10T18:20:08,2017-05-15T17:32:50,2017-05-15T17:32:47,0.0214,119.2117,,missing_testing_boundary
BOOKKEEPER-1059,2017-05-10T18:30:07,2017-05-10T18:32:14,2017-05-10T21:15:20,2017-05-10T21:15:20,0.0353,2.7183,0.0000,
BOOKKEEPER-106,2011-11-04T16:19:55,,,2011-11-15T18:45:41,,,,missing_dev_boundary
BOOKKEEPER-1060,2017-05-10T20:27:54,2017-05-10T20:29:34,2017-05-10T20:47:20,2017-05-10T20:47:20,0.0278,0.2961,0.0000,
BOOKKEEPER-1061,2017-05-10T20:50:34,2017-05-10T20:53:47,2017-05-15T19:35:45,2017-05-15T19:35:43,0.0536,118.6994,,missing_testing_boundary
BOOKKEEPER-1062,2017-05-10T21:44:37,2017-10-12T20:54:09,2017-10-17T07:33:04,2017-10-17T07:33:04,3719.1589,106.6486,0.0000,
BOOKKEEPER-1063,2017-05-10T21:55:41,2017-05-10T21:56:43,2017-05-12T14:39:22,2017-05-15T21:20:55,0.0172,40.7108,78.6925,
BOOKKEEPER-1064,2017-05-11T16:40:52,2017-05-11T16:43:04,2017-05-12T13:20:53,2017-05-12T13:20:51,0.0367,20.6303,,missing_testing_boundary
BOOKKEEPER-1065,2017-05-11T16:58:28,2017-05-11T17:26:55,2017-05-11T20:24:29,2017-05-11T20:25:51,0.4742,2.9594,0.0228,
BOOKKEEPER-1066,2017-05-11T18:29:05,2017-05-11T18:31:06,2017-05-12T13:18:05,2017-05-12T13:18:23,0.0336,18.7831,0.0050,
BOOKKEEPER-1067,2017-05-15T17:25:57,2017-05-15T17:28:56,2017-05-15T19:25:34,2017-05-15T19:25:32,0.0497,1.9439,,missing_testing_boundary
BOOKKEEPER-1068,2017-05-15T23:00:04,2017-05-15T23:03:16,2017-05-25T12:23:19,2017-05-25T12:23:18,0.0533,229.3342,,missing_testing_boundary
BOOKKEEPER-1069,2017-05-15T23:57:19,2017-05-15T23:58:05,2017-05-16T11:21:21,2017-05-18T03:42:14,0.0128,11.3878,40.3481,
BOOKKEEPER-107,2011-11-04T17:10:59,,,2011-11-08T17:58:33,,,,missing_dev_boundary
BOOKKEEPER-1070,2017-05-17T15:19:01,2017-05-17T15:22:41,2017-05-18T14:22:02,2017-05-18T14:22:00,0.0611,22.9892,,missing_testing_boundary
BOOKKEEPER-1071,2017-05-18T03:07:45,2017-06-01T04:32:51,2017-06-01T07:47:44,2017-06-01T07:47:42,337.4183,3.2481,,missing_testing_boundary
BOOKKEEPER-1072,2017-05-25T01:31:22,,,2017-05-25T11:38:21,,,,missing_dev_boundary
BOOKKEEPER-1073,2017-05-25T02:54:06,2017-05-25T02:56:03,2017-06-01T06:56:10,2017-06-01T06:57:19,0.0325,172.0019,0.0192,
BOOKKEEPER-1074,2017-05-25T03:20:07,2017-05-25T03:29:03,2017-06-01T11:20:15,2017-06-01T11:21:16,0.1489,175.8533,0.0169,
BOOKKEEPER-1075,2017-05-25T03:33:15,2017-05-25T03:42:36,2017-05-25T12:32:15,2017-05-25T12:32:13,0.1558,8.8275,,missing_testing_boundary
BOOKKEEPER-1076,2017-05-25T03:46:56,,,2017-05-25T03:57:45,,,,missing_dev_boundary
BOOKKEEPER-1077,2017-05-25T03:58:12,2017-05-25T04:00:43,2017-05-26T10:38:59,2017-05-26T10:38:54,0.0419,30.6378,,missing_testing_boundary
BOOKKEEPER-1078,2017-05-25T04:04:42,2017-05-25T15:37:18,2017-06-01T09:31:31,2017-06-01T09:31:27,11.5433,161.9036,,missing_testing_boundary
BOOKKEEPER-1079,2017-05-26T14:31:52,2017-05-26T14:34:20,2017-05-26T19:44:53,2017-05-26T19:44:54,0.0411,5.1758,0.0003,
BOOKKEEPER-108,2011-11-08T03:11:49,,,2011-11-18T10:19:06,,,,missing_dev_boundary
BOOKKEEPER-1080,2017-05-26T20:08:26,,,2017-05-27T07:37:35,,,,missing_dev_boundary
BOOKKEEPER-1081,2017-05-27T13:09:43,2017-05-28T00:59:15,2017-05-29T03:15:04,2017-10-06T08:56:45,11.8256,26.2636,3125.6947,
BOOKKEEPER-1082,2017-06-01T06:16:27,,,,,,,missing_dev_boundary
BOOKKEEPER-1083,2017-06-01T07:35:31,2017-06-01T07:40:55,2017-06-01T10:31:10,2017-06-01T10:31:06,0.0900,2.8375,,missing_testing_boundary
BOOKKEEPER-1084,2017-06-01T08:08:57,2017-06-01T08:10:11,2017-06-01T09:42:24,2017-06-01T09:42:20,0.0206,1.5369,,missing_testing_boundary
BOOKKEEPER-1085,2017-06-01T08:15:07,2017-06-01T08:17:29,2017-06-01T11:17:07,2017-06-01T11:17:03,0.0394,2.9939,,missing_testing_boundary
BOOKKEEPER-1086,2017-06-01T19:13:34,2017-06-01T19:21:58,2017-06-01T20:40:56,2017-06-01T20:40:58,0.1400,1.3161,0.0006,
BOOKKEEPER-1087,2017-06-01T19:14:30,2017-06-01T20:02:11,2017-06-05T19:48:50,2017-06-05T19:48:47,0.7947,95.7775,,missing_testing_boundary
BOOKKEEPER-1088,2017-06-01T19:15:52,2017-06-01T20:58:45,2017-06-10T11:56:06,2017-06-05T20:13:47,1.7147,206.9558,,missing_testing_boundary
BOOKKEEPER-1089,2017-06-01T19:16:32,2017-06-02T20:53:20,2017-06-21T17:50:40,2017-06-21T17:50:38,25.6133,452.9556,,missing_testing_boundary
BOOKKEEPER-109,2011-11-11T10:00:11,,,2011-11-17T08:34:13,,,,missing_dev_boundary
BOOKKEEPER-1090,2017-06-01T21:05:06,2017-06-01T21:07:20,2017-06-01T21:58:54,2017-06-22T00:11:39,0.0372,0.8594,482.2125,
BOOKKEEPER-1091,2017-06-01T21:50:53,,,2017-06-03T00:39:37,,,,missing_dev_boundary
BOOKKEEPER-1092,2017-06-01T23:52:48,2017-06-02T21:37:15,2017-06-21T19:00:33,2017-06-21T19:00:26,21.7408,453.3883,,missing_testing_boundary
BOOKKEEPER-1093,2017-06-02T20:17:11,2017-06-02T20:39:28,2017-06-21T17:58:16,2017-06-21T17:58:13,0.3714,453.3133,,missing_testing_boundary
BOOKKEEPER-1094,2017-06-02T20:17:52,,,2017-07-17T21:28:38,,,,missing_dev_boundary
BOOKKEEPER-1095,2017-06-02T20:18:56,2017-06-30T01:07:53,2017-07-17T21:27:21,2017-06-30T01:01:21,652.8158,428.3244,,missing_testing_boundary
BOOKKEEPER-1096,2017-06-09T23:04:07,2017-06-09T23:06:40,2017-06-12T15:21:10,2017-06-12T15:21:05,0.0425,64.2417,,missing_testing_boundary
BOOKKEEPER-1097,2017-06-13T01:05:13,2017-06-13T01:11:53,2017-06-21T19:07:58,2017-06-21T19:07:57,0.1111,209.9347,,missing_testing_boundary
BOOKKEEPER-1098,2017-06-14T22:26:20,2017-06-15T17:50:01,2017-06-28T21:28:51,2017-06-28T21:30:12,19.3947,315.6472,0.0225,
BOOKKEEPER-1099,2017-06-21T23:20:51,,,,,,,missing_dev_boundary
BOOKKEEPER-11,2011-02-22T22:45:38,,,2011-07-28T18:34:55,,,,missing_dev_boundary
BOOKKEEPER-110,2011-11-15T18:07:51,,,2011-11-30T11:37:42,,,,missing_dev_boundary
BOOKKEEPER-1100,2017-06-25T00:59:05,2017-06-25T04:39:31,2017-08-16T01:37:21,2017-08-16T01:37:33,3.6739,1244.9639,0.0033,
BOOKKEEPER-1101,2017-07-19T02:35:58,,,2017-07-19T03:50:20,,,,missing_dev_boundary
BOOKKEEPER-1102,2017-07-22T00:47:20,2017-07-22T00:58:57,2017-08-01T06:34:19,2017-08-01T06:40:46,0.1936,245.5894,0.1075,
BOOKKEEPER-1103,2017-07-26T21:39:06,2017-07-26T21:48:10,2017-07-28T20:35:06,2017-07-28T20:35:16,0.1511,46.7822,0.0028,
BOOKKEEPER-1104,2017-07-27T21:53:15,2017-07-27T22:52:36,2017-07-28T04:39:18,2017-07-28T04:39:44,0.9892,5.7783,0.0072,
BOOKKEEPER-1105,2017-08-09T18:25:48,2017-08-09T19:08:32,2017-08-16T01:41:56,2017-08-16T01:42:23,0.7122,150.5567,0.0075,
BOOKKEEPER-1106,2017-09-16T17:01:29,2017-09-16T23:45:55,2017-10-03T10:33:32,2017-10-03T10:33:32,6.7406,394.7936,0.0000,
BOOKKEEPER-1107,2017-10-17T21:54:33,,,,,,,missing_dev_boundary
BOOKKEEPER-111,2011-11-15T18:09:55,,,2011-11-29T23:20:06,,,,missing_dev_boundary
BOOKKEEPER-112,2011-11-15T18:22:28,,,2012-03-31T14:36:57,,,,missing_dev_boundary
BOOKKEEPER-113,2011-11-17T13:50:36,,,2012-02-24T19:08:38,,,,missing_dev_boundary
BOOKKEEPER-114,2011-11-18T11:19:00,,,2011-11-18T18:58:56,,,,missing_dev_boundary
BOOKKEEPER-115,2011-11-18T11:57:57,,,2011-11-18T18:07:51,,,,missing_dev_boundary
BOOKKEEPER-116,2011-11-22T21:48:27,,,2013-09-11T04:28:09,,,,missing_dev_boundary
BOOKKEEPER-117,2011-11-23T09:46:28,,,2011-11-28T15:24:32,,,,missing_dev_boundary
BOOKKEEPER-118,2011-11-23T10:36:02,,,2011-11-28T12:16:10,,,,missing_dev_boundary
BOOKKEEPER-119,2011-11-25T09:37:43,,,2011-11-28T16:33:10,,,,missing_dev_boundary
BOOKKEEPER-12,2011-03-08T10:41:52,,,2017-10-09T09:57:29,,,,missing_dev_boundary
BOOKKEEPER-120,2011-11-25T16:10:15,,,2011-11-29T22:29:53,,,,missing_dev_boundary
BOOKKEEPER-121,2011-11-25T16:11:25,,,2011-11-29T20:00:44,,,,missing_dev_boundary
BOOKKEEPER-122,2011-11-25T16:12:09,,,2011-11-29T23:27:47,,,,missing_dev_boundary
BOOKKEEPER-123,2011-11-25T16:12:43,,,2011-11-30T11:38:10,,,,missing_dev_boundary
BOOKKEEPER-1234,,2017-07-04T11:47:25,2020-05-17T12:16:18,2020-05-17T12:16:18,,25152.4814,0.0000,missing_dev_boundary
BOOKKEEPER-124,2011-11-28T22:20:18,,,2011-11-29T09:06:16,,,,missing_dev_boundary
BOOKKEEPER-125,2011-11-29T12:59:38,,,2011-11-29T17:46:38,,,,missing_dev_boundary
BOOKKEEPER-126,2011-11-29T17:37:12,,,2012-12-10T10:10:44,,,,missing_dev_boundary
BOOKKEEPER-127,2011-11-29T21:22:24,,,2011-11-29T22:27:14,,,,missing_dev_boundary
BOOKKEEPER-128,2011-11-29T21:37:47,,,2011-11-30T10:08:02,,,,missing_dev_boundary
BOOKKEEPER-129,2011-11-30T10:24:47,,,2011-11-30T10:40:37,,,,missing_dev_boundary
BOOKKEEPER-13,2010-03-18T15:31:01,,,2014-12-01T04:46:37,,,,missing_dev_boundary
BOOKKEEPER-130,2011-11-30T10:59:40,,,2011-12-02T18:28:01,,,,missing_dev_boundary
BOOKKEEPER-131,2011-11-30T15:47:25,,,2011-12-01T21:08:57,,,,missing_dev_boundary
BOOKKEEPER-132,2011-11-30T15:48:14,,,2011-11-30T16:21:53,,,,missing_dev_boundary
BOOKKEEPER-133,2011-12-01T13:58:24,,,2011-12-22T17:36:34,,,,missing_dev_boundary
BOOKKEEPER-134,2011-12-01T21:31:47,,,2011-12-01T22:27:28,,,,missing_dev_boundary
BOOKKEEPER-135,2011-12-02T11:11:35,,,2012-04-02T10:38:52,,,,missing_dev_boundary
BOOKKEEPER-136,2011-12-02T11:15:49,,,2012-02-09T09:42:45,,,,missing_dev_boundary
BOOKKEEPER-137,2011-12-02T14:58:10,,,2012-02-09T17:15:25,,,,missing_dev_boundary
BOOKKEEPER-138,2011-12-02T18:04:07,,,2011-12-02T19:36:30,,,,missing_dev_boundary
BOOKKEEPER-139,2011-12-02T19:39:05,,,2011-12-02T20:00:38,,,,missing_dev_boundary
BOOKKEEPER-14,2009-05-08T05:29:21,,,2017-10-09T09:57:19,,,,missing_dev_boundary
BOOKKEEPER-140,2011-12-06T11:31:09,,,2011-12-21T16:43:39,,,,missing_dev_boundary
BOOKKEEPER-141,2011-12-12T14:33:39,,,2011-12-16T14:35:36,,,,missing_dev_boundary
BOOKKEEPER-142,2011-12-12T14:53:18,,,2011-12-16T11:44:02,,,,missing_dev_boundary
BOOKKEEPER-143,2011-12-15T07:41:26,,,2012-10-01T13:41:31,,,,missing_dev_boundary
BOOKKEEPER-144,2011-12-15T07:53:14,,,2012-08-17T14:15:43,,,,missing_dev_boundary
BOOKKEEPER-145,2011-12-21T10:52:38,,,2012-05-15T10:06:38,,,,missing_dev_boundary
BOOKKEEPER-146,2011-12-21T16:49:48,,,2012-05-25T09:48:39,,,,missing_dev_boundary
BOOKKEEPER-147,2011-12-22T14:06:53,,,2017-10-09T09:54:34,,,,missing_dev_boundary
BOOKKEEPER-148,2012-01-02T11:28:40,,,2012-01-11T14:48:22,,,,missing_dev_boundary
BOOKKEEPER-149,2012-01-02T11:42:02,,,2017-10-09T09:54:26,,,,missing_dev_boundary
BOOKKEEPER-15,2010-12-20T10:39:29,,,2011-11-03T00:46:23,,,,missing_dev_boundary
BOOKKEEPER-150,2012-01-03T14:43:07,,,2012-01-17T15:52:40,,,,missing_dev_boundary
BOOKKEEPER-151,2012-01-03T17:28:31,,,2016-03-16T04:21:03,,,,missing_dev_boundary
BOOKKEEPER-152,2012-01-11T10:10:15,,,2012-02-13T14:47:26,,,,missing_dev_boundary
BOOKKEEPER-153,2012-01-16T07:05:04,,,2012-01-18T14:13:19,,,,missing_dev_boundary
BOOKKEEPER-154,2012-01-19T02:48:35,,,2016-03-16T04:21:04,,,,missing_dev_boundary
BOOKKEEPER-155,2012-01-28T10:44:37,,,2013-09-11T04:34:53,,,,missing_dev_boundary
BOOKKEEPER-156,2012-01-29T10:40:45,,,2012-02-08T10:41:41,,,,missing_dev_boundary
BOOKKEEPER-157,2012-01-30T12:17:37,,,2012-02-01T15:20:32,,,,missing_dev_boundary
BOOKKEEPER-158,2012-01-31T11:47:21,,,2012-03-09T13:50:04,,,,missing_dev_boundary
BOOKKEEPER-159,2012-02-02T10:43:11,,,,,,,missing_dev_boundary
BOOKKEEPER-16,2010-12-21T02:16:12,,,2011-11-30T11:39:49,,,,missing_dev_boundary
BOOKKEEPER-160,2012-02-03T13:15:26,,,2012-03-08T11:14:08,,,,missing_dev_boundary
BOOKKEEPER-161,2012-02-06T17:10:28,,,2012-02-07T10:05:49,,,,missing_dev_boundary
BOOKKEEPER-162,2012-02-07T05:15:35,,,2012-02-13T10:20:11,,,,missing_dev_boundary
BOOKKEEPER-163,2012-02-07T11:51:28,,,2012-03-13T06:35:01,,,,missing_dev_boundary
BOOKKEEPER-164,2012-02-07T11:54:09,,,,,,,missing_dev_boundary
BOOKKEEPER-165,2012-02-07T16:48:47,,,2012-02-09T09:21:00,,,,missing_dev_boundary
BOOKKEEPER-166,2012-02-07T17:00:20,,,2012-03-30T11:00:36,,,,missing_dev_boundary
BOOKKEEPER-167,2012-02-08T08:54:15,,,2012-02-08T10:41:18,,,,missing_dev_boundary
BOOKKEEPER-168,2012-02-09T16:53:42,,,2012-04-20T09:21:19,,,,missing_dev_boundary
BOOKKEEPER-169,2012-02-14T16:08:30,,,2012-02-17T10:22:14,,,,missing_dev_boundary
BOOKKEEPER-17,2010-11-16T18:33:51,,,2011-06-28T04:28:47,,,,missing_dev_boundary
BOOKKEEPER-170,2012-02-14T18:25:13,,,2012-02-15T15:12:38,,,,missing_dev_boundary
BOOKKEEPER-171,2012-02-14T18:28:37,,,2012-02-15T10:04:49,,,,missing_dev_boundary
BOOKKEEPER-172,2012-02-15T13:56:16,,,2012-02-24T17:10:43,,,,missing_dev_boundary
BOOKKEEPER-173,2012-02-16T06:58:09,,,2012-04-20T17:19:27,,,,missing_dev_boundary
BOOKKEEPER-174,2012-02-16T07:10:43,,,2012-02-17T11:50:38,,,,missing_dev_boundary
BOOKKEEPER-175,2012-02-17T10:01:04,,,2012-03-20T13:09:42,,,,missing_dev_boundary
BOOKKEEPER-176,2012-02-17T13:21:53,,,2012-03-01T14:58:41,,,,missing_dev_boundary
BOOKKEEPER-177,2012-02-23T13:11:53,,,2012-02-24T18:09:41,,,,missing_dev_boundary
BOOKKEEPER-178,2012-02-24T06:05:15,,,2012-02-24T18:21:24,,,,missing_dev_boundary
BOOKKEEPER-179,2012-02-29T10:10:32,,,2013-09-11T04:31:24,,,,missing_dev_boundary
BOOKKEEPER-18,2011-05-16T16:40:33,,,2011-08-29T17:34:45,,,,missing_dev_boundary
BOOKKEEPER-180,2012-03-01T05:11:56,,,2012-03-08T18:25:28,,,,missing_dev_boundary
BOOKKEEPER-181,2012-03-07T01:27:52,,,2012-12-18T05:56:34,,,,missing_dev_boundary
BOOKKEEPER-182,2012-03-08T07:36:07,,,2012-03-16T09:42:25,,,,missing_dev_boundary
BOOKKEEPER-183,2012-03-08T07:40:52,,,2012-06-13T15:00:33,,,,missing_dev_boundary
BOOKKEEPER-184,2012-03-13T07:21:18,,,2012-03-15T09:44:36,,,,missing_dev_boundary
BOOKKEEPER-185,2012-03-13T17:42:17,,,2012-03-15T09:45:10,,,,missing_dev_boundary
BOOKKEEPER-186,2012-03-16T10:49:48,,,2012-03-19T14:46:04,,,,missing_dev_boundary
BOOKKEEPER-187,2012-03-19T11:31:22,,,2012-03-20T11:52:22,,,,missing_dev_boundary
BOOKKEEPER-188,2012-03-20T15:10:38,,,2012-03-21T05:14:13,,,,missing_dev_boundary
BOOKKEEPER-189,2012-03-20T15:19:29,,,2012-03-21T05:41:15,,,,missing_dev_boundary
BOOKKEEPER-19,2011-05-18T12:55:23,,,2011-05-20T14:15:56,,,,missing_dev_boundary
BOOKKEEPER-190,2012-03-21T07:47:40,,,2012-03-29T12:08:03,,,,missing_dev_boundary
BOOKKEEPER-191,2012-03-22T08:14:09,,,2012-08-09T15:26:55,,,,missing_dev_boundary
BOOKKEEPER-1919,,2019-02-18T23:14:34,2019-02-20T10:43:29,2019-02-20T10:43:29,,35.4819,0.0000,missing_dev_boundary
BOOKKEEPER-192,2012-03-22T08:16:58,,,2017-10-09T09:53:35,,,,missing_dev_boundary
BOOKKEEPER-193,2012-03-26T02:52:51,,,2012-03-31T07:37:02,,,,missing_dev_boundary
BOOKKEEPER-194,2012-03-28T10:04:25,,,2012-03-29T13:42:59,,,,missing_dev_boundary
BOOKKEEPER-195,2012-03-28T20:10:48,,,2012-03-28T22:02:57,,,,missing_dev_boundary
BOOKKEEPER-196,2012-03-29T15:03:38,,,2012-04-17T10:30:16,,,,missing_dev_boundary
BOOKKEEPER-197,2012-03-30T00:38:41,,,2012-04-16T02:57:27,,,,missing_dev_boundary
BOOKKEEPER-198,2012-03-30T07:57:34,,,2012-03-31T08:31:40,,,,missing_dev_boundary
BOOKKEEPER-199,2012-03-30T12:18:28,,,2012-12-04T14:49:08,,,,missing_dev_boundary
BOOKKEEPER-2,2010-07-09T20:40:40,,,2012-07-18T15:01:41,,,,missing_dev_boundary
BOOKKEEPER-20,2011-05-25T13:44:12,,,2011-11-09T15:55:16,,,,missing_dev_boundary
BOOKKEEPER-200,2012-03-31T14:37:59,,,2012-04-10T23:06:23,,,,missing_dev_boundary
BOOKKEEPER-201,2012-03-31T14:42:39,,,2017-10-06T08:55:16,,,,missing_dev_boundary
BOOKKEEPER-202,2012-03-31T14:46:34,,,2017-10-09T09:53:22,,,,missing_dev_boundary
BOOKKEEPER-203,2012-04-01T15:38:02,,,2012-06-19T10:40:57,,,,missing_dev_boundary
BOOKKEEPER-204,2012-04-01T15:41:02,,,2012-11-09T16:14:43,,,,missing_dev_boundary
BOOKKEEPER-205,2012-04-01T15:44:28,,,2012-12-12T10:21:43,,,,missing_dev_boundary
BOOKKEEPER-206,2012-04-01T15:46:40,,,2012-12-12T10:25:02,,,,missing_dev_boundary
BOOKKEEPER-207,2012-04-02T13:31:10,,,2012-04-03T16:03:45,,,,missing_dev_boundary
BOOKKEEPER-208,2012-04-04T15:34:46,,,2012-09-12T10:09:35,,,,missing_dev_boundary
BOOKKEEPER-209,2012-04-05T22:49:45,,,2012-05-15T10:29:05,,,,missing_dev_boundary
BOOKKEEPER-21,2011-05-31T17:32:01,,,2011-06-28T04:27:39,,,,missing_dev_boundary
BOOKKEEPER-210,2012-04-05T23:08:50,,,2012-04-11T14:42:50,,,,missing_dev_boundary
BOOKKEEPER-211,2012-04-06T11:44:12,,,2012-04-10T05:44:30,,,,missing_dev_boundary
BOOKKEEPER-212,2012-04-06T12:40:22,,,2012-04-09T09:44:34,,,,missing_dev_boundary
BOOKKEEPER-213,2012-04-06T18:58:50,,,2012-04-19T01:03:26,,,,missing_dev_boundary
BOOKKEEPER-214,2012-04-10T14:55:07,,,2017-10-09T09:53:12,,,,missing_dev_boundary
BOOKKEEPER-215,2012-04-11T05:16:04,,,2012-05-09T07:45:32,,,,missing_dev_boundary
BOOKKEEPER-216,2012-04-13T08:22:23,,,2012-04-16T14:12:33,,,,missing_dev_boundary
BOOKKEEPER-217,2012-04-16T03:32:57,,,2012-04-24T17:42:26,,,,missing_dev_boundary
BOOKKEEPER-218,2012-04-16T13:53:32,,,2012-04-17T11:16:58,,,,missing_dev_boundary
BOOKKEEPER-219,2012-04-18T06:42:03,,,2012-04-19T03:42:48,,,,missing_dev_boundary
BOOKKEEPER-22,2011-06-01T11:31:09,,,2011-06-06T15:50:21,,,,missing_dev_boundary
BOOKKEEPER-220,2012-04-20T01:45:35,,,2017-10-09T09:52:47,,,,missing_dev_boundary
BOOKKEEPER-221,2012-04-20T13:49:35,,,2012-05-30T15:36:52,,,,missing_dev_boundary
BOOKKEEPER-222,2012-04-20T17:15:34,,,2012-07-16T22:29:07,,,,missing_dev_boundary
BOOKKEEPER-223,2012-04-25T10:27:39,,,2017-06-22T00:28:26,,,,missing_dev_boundary
BOOKKEEPER-224,2012-04-25T13:20:37,,,2012-05-10T12:49:57,,,,missing_dev_boundary
BOOKKEEPER-225,2012-04-25T14:13:03,,,2013-09-11T04:32:24,,,,missing_dev_boundary
BOOKKEEPER-226,2012-04-25T15:46:21,,,2012-05-17T16:34:10,,,,missing_dev_boundary
BOOKKEEPER-227,2012-04-25T15:49:21,,,2012-05-17T16:34:32,,,,missing_dev_boundary
BOOKKEEPER-228,2012-04-25T16:13:26,,,2012-05-04T18:12:52,,,,missing_dev_boundary
BOOKKEEPER-229,2012-04-26T07:22:23,,,2012-05-08T07:36:53,,,,missing_dev_boundary
BOOKKEEPER-23,2011-06-01T21:09:04,,,2012-02-01T11:16:30,,,,missing_dev_boundary
BOOKKEEPER-230,2012-04-26T15:18:26,,,2017-10-09T09:52:35,,,,missing_dev_boundary
BOOKKEEPER-231,2012-04-28T04:50:00,,,2012-04-28T09:11:57,,,,missing_dev_boundary
BOOKKEEPER-232,2012-04-29T06:26:22,,,2012-05-07T16:48:37,,,,missing_dev_boundary
BOOKKEEPER-233,2012-04-29T10:26:26,,,2012-07-26T06:26:21,,,,missing_dev_boundary
BOOKKEEPER-234,2012-05-03T12:53:57,,,2012-05-09T08:52:38,,,,missing_dev_boundary
BOOKKEEPER-235,2012-05-03T15:24:11,,,2012-05-09T11:01:13,,,,missing_dev_boundary
BOOKKEEPER-236,2012-05-04T12:06:00,,,2012-05-09T11:23:01,,,,missing_dev_boundary
BOOKKEEPER-237,2012-05-04T12:37:01,,,2013-01-04T11:59:50,,,,missing_dev_boundary
BOOKKEEPER-238,2012-05-07T09:17:21,,,2012-05-17T16:38:44,,,,missing_dev_boundary
BOOKKEEPER-239,2012-05-07T13:25:59,,,2013-01-12T07:19:11,,,,missing_dev_boundary
BOOKKEEPER-24,2011-06-02T13:46:26,,,2017-10-09T09:56:38,,,,missing_dev_boundary
BOOKKEEPER-240,2012-05-07T13:27:34,,,2017-10-09T09:52:20,,,,missing_dev_boundary
BOOKKEEPER-241,2012-05-08T07:46:02,,,2012-05-09T07:17:08,,,,missing_dev_boundary
BOOKKEEPER-242,2012-05-08T09:50:28,,,2012-05-09T08:18:43,,,,missing_dev_boundary
BOOKKEEPER-243,2012-05-08T06:10:17,,,2017-10-09T09:51:51,,,,missing_dev_boundary
BOOKKEEPER-245,2012-05-09T10:55:32,,,2012-05-10T09:58:10,,,,missing_dev_boundary
BOOKKEEPER-246,2012-05-09T15:08:49,,,2012-08-14T09:42:08,,,,missing_dev_boundary
BOOKKEEPER-247,2012-05-09T15:13:42,,,2012-08-17T10:42:41,,,,missing_dev_boundary
BOOKKEEPER-248,2012-05-09T15:14:07,,,2012-08-24T20:45:29,,,,missing_dev_boundary
BOOKKEEPER-249,2012-05-10T00:52:57,,,2017-10-09T09:51:25,,,,missing_dev_boundary
BOOKKEEPER-25,2011-06-07T12:21:47,,,2012-12-11T01:37:17,,,,missing_dev_boundary
BOOKKEEPER-250,2012-05-10T01:00:13,,,2012-07-11T17:12:03,,,,missing_dev_boundary
BOOKKEEPER-251,2012-05-10T05:47:05,,,2012-05-17T17:11:55,,,,missing_dev_boundary
BOOKKEEPER-252,2012-05-10T08:19:25,,,2012-09-14T16:18:30,,,,missing_dev_boundary
BOOKKEEPER-254,2012-05-10T13:08:37,,,2012-05-17T15:57:53,,,,missing_dev_boundary
BOOKKEEPER-256,2012-05-11T23:13:26,,,2016-03-16T04:21:01,,,,missing_dev_boundary
BOOKKEEPER-257,2012-05-14T15:27:48,,,2013-07-03T14:53:53,,,,missing_dev_boundary
BOOKKEEPER-258,2012-05-14T23:11:52,,,2012-05-26T17:17:46,,,,missing_dev_boundary
BOOKKEEPER-259,2012-05-15T03:10:55,,,2012-08-06T11:02:15,,,,missing_dev_boundary
BOOKKEEPER-26,2011-06-17T13:41:32,,,2011-09-05T17:39:56,,,,missing_dev_boundary
BOOKKEEPER-260,2012-05-15T14:34:25,,,2012-05-25T15:14:36,,,,missing_dev_boundary
BOOKKEEPER-261,2012-05-15T20:51:59,,,2012-06-28T18:31:50,,,,missing_dev_boundary
BOOKKEEPER-262,2012-05-16T07:30:35,,,2012-12-13T17:06:27,,,,missing_dev_boundary
BOOKKEEPER-263,2012-05-16T20:55:13,,,2012-05-24T05:13:39,,,,missing_dev_boundary
BOOKKEEPER-264,2012-05-22T14:29:23,,,2012-10-22T14:47:32,,,,missing_dev_boundary
BOOKKEEPER-265,2012-05-22T14:33:22,,,2012-05-25T14:39:00,,,,missing_dev_boundary
BOOKKEEPER-266,2012-05-22T14:35:32,,,2012-05-25T13:31:22,,,,missing_dev_boundary
BOOKKEEPER-267,2012-05-22T14:38:57,,,2012-05-24T03:54:28,,,,missing_dev_boundary
BOOKKEEPER-268,2012-05-23T00:16:13,,,2017-10-09T09:51:08,,,,missing_dev_boundary
BOOKKEEPER-269,2012-05-25T15:17:40,,,2012-05-29T20:48:14,,,,missing_dev_boundary
BOOKKEEPER-27,2011-06-29T11:11:34,,,2011-07-30T23:59:12,,,,missing_dev_boundary
BOOKKEEPER-270,2012-05-25T15:19:47,,,2012-05-29T21:03:21,,,,missing_dev_boundary
BOOKKEEPER-271,2012-05-25T15:21:16,,,2012-05-29T21:13:00,,,,missing_dev_boundary
BOOKKEEPER-272,2012-05-26T09:07:26,,,2012-08-27T16:03:52,,,,missing_dev_boundary
BOOKKEEPER-273,2012-05-30T00:09:16,,,2012-05-30T15:14:01,,,,missing_dev_boundary
BOOKKEEPER-274,2012-05-30T06:51:26,,,2012-06-12T16:37:47,,,,missing_dev_boundary
BOOKKEEPER-275,2012-05-28T05:45:10,,,2017-10-09T09:50:28,,,,missing_dev_boundary
BOOKKEEPER-276,2012-05-30T15:25:17,,,2017-10-09T09:49:57,,,,missing_dev_boundary
BOOKKEEPER-277,2012-05-30T15:28:03,,,2013-11-15T14:57:05,,,,missing_dev_boundary
BOOKKEEPER-278,2012-05-30T15:31:05,,,2012-10-04T10:42:52,,,,missing_dev_boundary
BOOKKEEPER-279,2012-05-31T11:25:43,,,2012-06-05T06:57:08,,,,missing_dev_boundary
BOOKKEEPER-28,2011-06-29T12:33:42,,,2011-08-30T08:47:49,,,,missing_dev_boundary
BOOKKEEPER-280,2012-05-31T18:06:38,,,2012-06-29T16:44:19,,,,missing_dev_boundary
BOOKKEEPER-281,2012-06-01T09:41:50,,,2012-06-05T06:22:17,,,,missing_dev_boundary
BOOKKEEPER-282,2012-06-01T15:06:44,,,2012-09-27T17:43:08,,,,missing_dev_boundary
BOOKKEEPER-283,2012-06-04T05:14:25,,,2012-08-17T13:57:16,,,,missing_dev_boundary
BOOKKEEPER-284,2012-06-04T13:21:14,,,2013-11-10T22:42:42,,,,missing_dev_boundary
BOOKKEEPER-285,2012-06-04T18:02:40,,,2012-06-05T10:12:18,,,,missing_dev_boundary
BOOKKEEPER-286,2012-06-04T21:38:52,,,2012-06-05T11:21:30,,,,missing_dev_boundary
BOOKKEEPER-287,2012-06-05T22:09:49,,,2012-06-06T16:38:33,,,,missing_dev_boundary
BOOKKEEPER-288,2012-06-07T13:19:32,,,2012-06-07T14:19:02,,,,missing_dev_boundary
BOOKKEEPER-289,2012-06-08T05:10:08,,,2012-06-12T15:38:13,,,,missing_dev_boundary
BOOKKEEPER-29,2011-06-29T15:35:13,,,2011-08-11T19:38:50,,,,missing_dev_boundary
BOOKKEEPER-290,2012-06-08T10:35:23,,,2012-06-08T13:24:49,,,,missing_dev_boundary
BOOKKEEPER-291,2012-06-11T16:34:38,,,2012-12-03T09:55:24,,,,missing_dev_boundary
BOOKKEEPER-292,2012-06-11T16:45:01,,,2012-06-19T10:58:39,,,,missing_dev_boundary
BOOKKEEPER-293,2012-06-12T15:24:42,,,2013-01-04T10:36:06,,,,missing_dev_boundary
BOOKKEEPER-294,2012-06-13T04:56:56,,,2012-07-05T13:10:09,,,,missing_dev_boundary
BOOKKEEPER-295,2012-06-14T09:43:32,,,2012-06-15T15:32:53,,,,missing_dev_boundary
BOOKKEEPER-296,2012-06-14T09:47:43,,,2012-08-17T09:16:30,,,,missing_dev_boundary
BOOKKEEPER-297,2012-06-14T13:11:20,,,2012-06-15T15:33:22,,,,missing_dev_boundary
BOOKKEEPER-298,2012-06-14T13:30:34,,,2012-06-18T14:55:25,,,,missing_dev_boundary
BOOKKEEPER-299,2012-06-18T14:08:08,,,2012-08-19T09:40:37,,,,missing_dev_boundary
BOOKKEEPER-3,2010-07-20T03:41:18,,,2011-11-09T16:03:22,,,,missing_dev_boundary
BOOKKEEPER-30,2011-06-29T15:38:03,,,2011-07-12T10:37:32,,,,missing_dev_boundary
BOOKKEEPER-300,2012-06-19T06:30:29,,,2012-09-07T05:05:25,,,,missing_dev_boundary
BOOKKEEPER-301,2012-06-20T06:30:25,,,2017-10-09T09:49:46,,,,missing_dev_boundary
BOOKKEEPER-302,2012-06-20T08:48:49,,,2012-06-28T17:22:05,,,,missing_dev_boundary
BOOKKEEPER-303,2012-06-20T09:32:39,,,2012-06-27T13:35:40,,,,missing_dev_boundary
BOOKKEEPER-304,2012-06-20T11:01:16,,,2012-08-27T14:58:16,,,,missing_dev_boundary
BOOKKEEPER-305,2012-06-20T11:56:45,,,2012-08-22T11:45:16,,,,missing_dev_boundary
BOOKKEEPER-306,2012-06-21T12:20:48,,,2012-07-16T10:36:20,,,,missing_dev_boundary
BOOKKEEPER-307,2012-06-21T16:34:24,,,2012-06-27T05:11:38,,,,missing_dev_boundary
BOOKKEEPER-308,2012-06-21T20:47:55,,,2014-03-10T02:19:21,,,,missing_dev_boundary
BOOKKEEPER-309,2012-06-21T20:51:00,,,2012-07-30T15:22:24,,,,missing_dev_boundary
BOOKKEEPER-31,2011-07-01T22:07:08,2017-09-16T00:06:53,2017-09-16T02:38:36,2017-10-06T08:42:53,54433.9958,2.5286,486.0714,
BOOKKEEPER-310,2012-06-21T20:57:20,,,2012-07-30T15:22:57,,,,missing_dev_boundary
BOOKKEEPER-311,2012-06-21T21:07:45,,,2012-07-30T15:23:33,,,,missing_dev_boundary
BOOKKEEPER-312,2012-06-21T21:13:26,,,2013-01-31T18:33:36,,,,missing_dev_boundary
BOOKKEEPER-313,2012-06-23T07:37:33,,,2013-06-21T17:34:56,,,,missing_dev_boundary
BOOKKEEPER-314,2012-06-24T13:33:50,,,2017-10-09T09:49:15,,,,missing_dev_boundary
BOOKKEEPER-315,2012-06-25T13:32:38,,,2012-10-05T14:27:40,,,,missing_dev_boundary
BOOKKEEPER-317,2012-06-25T18:04:48,,,2012-07-26T03:01:38,,,,missing_dev_boundary
BOOKKEEPER-318,2012-06-26T06:55:45,,,2012-07-05T05:11:51,,,,missing_dev_boundary
BOOKKEEPER-319,2012-06-26T08:26:06,,,2012-10-04T16:32:15,,,,missing_dev_boundary
BOOKKEEPER-32,2011-07-07T13:31:23,,,2012-09-14T13:44:00,,,,missing_dev_boundary
BOOKKEEPER-320,2012-06-27T05:43:51,,,2012-07-04T13:44:48,,,,missing_dev_boundary
BOOKKEEPER-321,2012-06-27T09:26:09,,,2012-12-03T09:24:57,,,,missing_dev_boundary
BOOKKEEPER-322,2012-06-27T14:09:24,,,2012-06-28T17:33:05,,,,missing_dev_boundary
BOOKKEEPER-323,2012-06-28T18:31:29,,,2016-03-16T04:21:01,,,,missing_dev_boundary
BOOKKEEPER-324,2012-07-03T10:35:14,,,2012-07-04T14:18:07,,,,missing_dev_boundary
BOOKKEEPER-325,2012-07-03T13:53:08,,,2012-09-12T18:36:39,,,,missing_dev_boundary
BOOKKEEPER-326,2012-07-04T04:38:34,,,2012-08-13T09:39:18,,,,missing_dev_boundary
BOOKKEEPER-327,2012-07-05T18:04:20,,,2012-07-24T17:03:58,,,,missing_dev_boundary
BOOKKEEPER-328,2012-07-06T15:41:49,,,2012-07-09T02:11:06,,,,missing_dev_boundary
BOOKKEEPER-329,2012-07-09T02:32:39,,,2012-07-11T17:25:48,,,,missing_dev_boundary
BOOKKEEPER-33,2011-07-14T08:30:43,,,2011-08-11T18:38:28,,,,missing_dev_boundary
BOOKKEEPER-330,2012-07-09T06:45:05,,,2012-07-26T03:23:25,,,,missing_dev_boundary
BOOKKEEPER-331,2012-07-09T07:40:15,,,2012-07-30T15:25:00,,,,missing_dev_boundary
BOOKKEEPER-332,2012-07-09T08:58:52,,,2012-08-17T15:33:12,,,,missing_dev_boundary
BOOKKEEPER-333,2012-07-09T09:00:09,,,2012-08-27T17:22:24,,,,missing_dev_boundary
BOOKKEEPER-334,2012-07-09T09:00:45,,,2012-09-03T15:15:08,,,,missing_dev_boundary
BOOKKEEPER-335,2012-07-09T09:01:04,,,2012-09-03T15:28:01,,,,missing_dev_boundary
BOOKKEEPER-336,2012-07-10T04:49:01,,,2012-12-13T12:08:30,,,,missing_dev_boundary
BOOKKEEPER-337,2012-07-11T14:03:38,,,2012-08-28T08:52:13,,,,missing_dev_boundary
BOOKKEEPER-338,2012-07-12T10:02:33,,,2012-08-17T09:59:15,,,,missing_dev_boundary
BOOKKEEPER-339,2012-07-15T14:40:01,,,2012-08-06T10:11:09,,,,missing_dev_boundary
BOOKKEEPER-34,2011-07-18T20:43:50,,,2011-08-01T16:21:07,,,,missing_dev_boundary
BOOKKEEPER-340,2012-07-15T14:47:40,,,2012-08-06T14:19:09,,,,missing_dev_boundary
BOOKKEEPER-341,2012-07-15T15:26:56,,,2012-12-13T17:13:48,,,,missing_dev_boundary
BOOKKEEPER-342,2012-07-15T15:27:29,,,2012-12-18T05:52:44,,,,missing_dev_boundary
BOOKKEEPER-343,2012-07-16T14:24:40,,,2012-08-03T17:42:42,,,,missing_dev_boundary
BOOKKEEPER-344,2012-07-17T08:54:59,,,2012-08-23T04:13:05,,,,missing_dev_boundary
BOOKKEEPER-345,2012-07-17T08:59:21,,,2012-10-18T14:41:53,,,,missing_dev_boundary
BOOKKEEPER-346,2012-07-17T09:02:18,,,2012-10-26T10:52:32,,,,missing_dev_boundary
BOOKKEEPER-347,2012-07-17T09:04:07,,,2012-12-03T16:59:36,,,,missing_dev_boundary
BOOKKEEPER-348,2012-07-22T01:58:35,,,2017-10-09T09:49:04,,,,missing_dev_boundary
BOOKKEEPER-349,2012-07-23T06:33:40,,,2012-07-26T02:33:46,,,,missing_dev_boundary
BOOKKEEPER-35,2011-07-19T05:03:00,,,2011-07-19T07:25:24,,,,missing_dev_boundary
BOOKKEEPER-350,2012-07-23T11:04:34,,,2016-03-16T04:22:28,,,,missing_dev_boundary
BOOKKEEPER-351,2012-07-23T21:14:35,,,2012-12-03T05:24:04,,,,missing_dev_boundary
BOOKKEEPER-352,2012-07-26T06:58:53,,,2012-07-27T13:52:55,,,,missing_dev_boundary
BOOKKEEPER-353,2012-07-27T10:16:37,,,2012-07-27T13:27:27,,,,missing_dev_boundary
BOOKKEEPER-354,2012-08-07T06:00:58,,,2012-08-21T09:41:32,,,,missing_dev_boundary
BOOKKEEPER-355,2012-08-08T10:02:04,,,2013-01-07T11:25:54,,,,missing_dev_boundary
BOOKKEEPER-356,2012-08-09T08:17:49,,,2012-08-25T17:42:11,,,,missing_dev_boundary
BOOKKEEPER-36,2011-07-29T13:52:34,,,,,,,missing_dev_boundary
BOOKKEEPER-361,2012-08-09T14:10:22,,,2012-08-25T17:43:52,,,,missing_dev_boundary
BOOKKEEPER-362,2012-08-13T23:15:55,,,2016-03-16T04:21:05,,,,missing_dev_boundary
BOOKKEEPER-363,2012-08-14T07:00:34,,,2014-03-07T17:42:30,,,,missing_dev_boundary
BOOKKEEPER-364,2012-08-14T13:57:33,,,2012-09-26T23:55:38,,,,missing_dev_boundary
BOOKKEEPER-365,2012-08-14T14:09:04,,,2012-12-13T11:33:40,,,,missing_dev_boundary
BOOKKEEPER-366,2012-08-16T12:46:50,,,2012-10-30T10:49:27,,,,missing_dev_boundary
BOOKKEEPER-367,2012-08-16T12:48:39,,,2012-10-04T15:01:55,,,,missing_dev_boundary
BOOKKEEPER-368,2012-08-16T12:49:51,,,2012-11-02T16:16:57,,,,missing_dev_boundary
BOOKKEEPER-369,2012-08-16T12:51:27,,,2012-10-18T11:05:19,,,,missing_dev_boundary
BOOKKEEPER-37,2011-08-02T09:58:01,,,2016-03-16T04:22:28,,,,missing_dev_boundary
BOOKKEEPER-370,2012-08-16T12:52:13,,,2012-11-02T20:48:33,,,,missing_dev_boundary
BOOKKEEPER-371,2012-08-17T10:42:02,,,2012-08-28T12:54:28,,,,missing_dev_boundary
BOOKKEEPER-372,2012-08-17T14:02:05,,,2012-08-17T16:26:38,,,,missing_dev_boundary
BOOKKEEPER-373,2012-08-19T03:18:40,,,2012-12-17T05:23:06,,,,missing_dev_boundary
BOOKKEEPER-374,2012-08-19T08:35:40,,,2012-08-20T16:20:32,,,,missing_dev_boundary
BOOKKEEPER-375,2012-08-22T11:54:06,,,2012-12-17T14:42:58,,,,missing_dev_boundary
BOOKKEEPER-376,2012-08-22T18:32:57,,,2012-08-28T12:26:39,,,,missing_dev_boundary
BOOKKEEPER-377,2012-08-23T04:29:25,,,2017-10-09T09:48:09,,,,missing_dev_boundary
BOOKKEEPER-378,2012-08-23T10:33:49,,,2012-08-24T20:00:22,,,,missing_dev_boundary
BOOKKEEPER-379,2012-08-24T06:06:14,,,2016-03-16T04:21:04,,,,missing_dev_boundary
BOOKKEEPER-38,2011-08-08T06:53:22,,,2011-08-23T22:39:35,,,,missing_dev_boundary
BOOKKEEPER-380,2012-08-24T13:55:43,,,2012-08-27T10:10:21,,,,missing_dev_boundary
BOOKKEEPER-381,2012-08-25T08:46:03,,,2012-08-27T12:44:25,,,,missing_dev_boundary
BOOKKEEPER-382,2012-08-25T09:08:43,,,2012-08-27T13:16:50,,,,missing_dev_boundary
BOOKKEEPER-383,2012-08-27T13:28:58,,,2012-09-07T13:24:43,,,,missing_dev_boundary
BOOKKEEPER-384,2012-08-30T09:06:48,,,2012-08-31T13:26:38,,,,missing_dev_boundary
BOOKKEEPER-385,2012-08-31T15:35:25,,,2012-09-03T16:55:22,,,,missing_dev_boundary
BOOKKEEPER-386,2012-08-31T15:37:08,,,2012-09-04T08:39:59,,,,missing_dev_boundary
BOOKKEEPER-387,2012-09-04T09:27:35,,,2012-09-07T05:27:48,,,,missing_dev_boundary
BOOKKEEPER-388,2012-09-04T10:45:59,,,2012-09-21T15:48:10,,,,missing_dev_boundary
BOOKKEEPER-389,2012-09-04T13:11:54,,,2012-11-30T15:29:30,,,,missing_dev_boundary
BOOKKEEPER-39,2011-08-08T09:15:25,,,2011-11-28T18:29:17,,,,missing_dev_boundary
BOOKKEEPER-390,2012-09-04T17:00:33,2016-11-09T16:19:29,2017-03-28T20:40:49,2017-03-28T20:40:47,36647.3156,3340.3556,,missing_testing_boundary
BOOKKEEPER-391,2012-09-04T17:11:11,2016-11-25T16:20:28,2017-05-25T11:31:34,2017-05-25T11:32:52,37031.1547,4339.1850,0.0217,
BOOKKEEPER-392,2012-09-04T19:25:36,,,2012-09-13T13:53:19,,,,missing_dev_boundary
BOOKKEEPER-393,2012-09-04T20:19:40,,,2016-03-16T04:22:28,,,,missing_dev_boundary
BOOKKEEPER-394,2012-09-04T20:52:01,,,2012-09-07T03:13:29,,,,missing_dev_boundary
BOOKKEEPER-395,2012-09-06T23:43:25,,,2012-09-07T05:13:35,,,,missing_dev_boundary
BOOKKEEPER-396,2012-09-07T16:25:01,,,2012-09-11T08:31:52,,,,missing_dev_boundary
BOOKKEEPER-397,2012-09-10T20:50:25,,,2012-09-26T11:05:00,,,,missing_dev_boundary
BOOKKEEPER-398,2012-09-10T23:00:53,,,2014-08-25T17:43:21,,,,missing_dev_boundary
BOOKKEEPER-399,2012-09-11T09:21:47,,,2012-12-03T21:43:11,,,,missing_dev_boundary
BOOKKEEPER-4,2010-07-24T15:11:11,2022-03-24T03:16:08,2022-03-24T12:42:44,2011-05-26T07:16:47,102252.0825,9.4433,,missing_testing_boundary
BOOKKEEPER-40,2011-08-08T11:29:00,,,2012-01-13T17:07:11,,,,missing_dev_boundary
BOOKKEEPER-400,2012-09-11T20:55:09,,,2012-09-14T09:56:38,,,,missing_dev_boundary
BOOKKEEPER-401,2012-09-11T21:32:50,,,2012-09-14T09:56:12,,,,missing_dev_boundary
BOOKKEEPER-402,2012-09-12T00:22:29,,,2012-09-19T10:20:32,,,,missing_dev_boundary
BOOKKEEPER-403,2012-09-13T00:18:04,,,2012-09-14T09:55:18,,,,missing_dev_boundary
BOOKKEEPER-404,2012-09-13T09:33:28,,,2012-12-13T06:27:05,,,,missing_dev_boundary
BOOKKEEPER-405,2012-09-14T20:51:09,,,2012-09-19T11:04:21,,,,missing_dev_boundary
BOOKKEEPER-406,2012-09-14T23:28:40,,,2016-03-16T04:21:03,,,,missing_dev_boundary
BOOKKEEPER-407,2012-09-15T08:14:51,,,2012-10-10T07:04:50,,,,missing_dev_boundary
BOOKKEEPER-408,2012-09-17T09:28:39,,,2012-12-13T17:34:35,,,,missing_dev_boundary
BOOKKEEPER-409,2012-09-20T13:16:50,,,2013-01-03T10:06:48,,,,missing_dev_boundary
BOOKKEEPER-41,2011-08-10T14:20:35,,,2011-10-06T16:54:46,,,,missing_dev_boundary
BOOKKEEPER-410,2012-09-20T16:32:26,,,2012-12-17T05:11:19,,,,missing_dev_boundary
BOOKKEEPER-411,2012-09-23T12:36:07,,,2012-10-22T11:05:56,,,,missing_dev_boundary
BOOKKEEPER-412,2012-09-23T13:38:46,,,2017-10-09T09:47:57,,,,missing_dev_boundary
BOOKKEEPER-413,2012-10-01T13:38:03,,,2012-10-10T10:10:51,,,,missing_dev_boundary
BOOKKEEPER-414,2012-10-01T13:40:35,,,2017-10-09T09:47:43,,,,missing_dev_boundary
BOOKKEEPER-415,2012-10-04T15:00:00,,,2012-10-10T09:46:29,,,,missing_dev_boundary
BOOKKEEPER-416,2012-10-04T17:22:16,,,2012-10-25T14:51:05,,,,missing_dev_boundary
BOOKKEEPER-417,2012-10-04T17:25:55,,,2012-10-16T15:02:37,,,,missing_dev_boundary
BOOKKEEPER-418,2012-10-04T17:27:44,,,2012-10-10T10:30:10,,,,missing_dev_boundary
BOOKKEEPER-419,2012-10-04T17:31:31,,,2013-01-14T14:47:38,,,,missing_dev_boundary
BOOKKEEPER-42,2011-08-10T18:40:57,,,2017-10-09T09:56:29,,,,missing_dev_boundary
BOOKKEEPER-420,2012-10-05T06:26:14,,,2012-12-03T09:57:24,,,,missing_dev_boundary
BOOKKEEPER-421,2012-10-05T17:20:31,,,2017-10-06T08:37:05,,,,missing_dev_boundary
BOOKKEEPER-422,2012-10-07T03:08:52,,,2012-10-17T09:21:04,,,,missing_dev_boundary
BOOKKEEPER-423,2012-10-07T06:20:35,,,2016-03-16T04:21:04,,,,missing_dev_boundary
BOOKKEEPER-424,2012-10-07T08:46:52,,,2012-10-25T13:36:44,,,,missing_dev_boundary
BOOKKEEPER-425,2012-10-09T08:23:14,,,2012-10-26T14:27:54,,,,missing_dev_boundary
BOOKKEEPER-426,2012-10-09T08:36:24,,,2012-12-14T10:19:37,,,,missing_dev_boundary
BOOKKEEPER-427,2012-10-09T09:39:33,,,2012-10-23T13:24:00,,,,missing_dev_boundary
BOOKKEEPER-428,2012-10-10T03:08:09,,,2012-12-14T19:27:48,,,,missing_dev_boundary
BOOKKEEPER-429,2012-10-11T07:27:58,,,2014-01-21T04:05:37,,,,missing_dev_boundary
BOOKKEEPER-43,2011-08-11T05:20:40,,,2011-08-23T22:35:08,,,,missing_dev_boundary
BOOKKEEPER-430,2012-10-12T15:28:17,,,2012-10-31T10:41:53,,,,missing_dev_boundary
BOOKKEEPER-431,2012-10-12T15:50:46,,,2012-12-08T10:19:39,,,,missing_dev_boundary
BOOKKEEPER-432,2012-10-13T00:55:06,,,2014-03-12T20:27:59,,,,missing_dev_boundary
BOOKKEEPER-433,2012-10-15T09:42:15,,,2016-03-16T04:21:03,,,,missing_dev_boundary
BOOKKEEPER-434,2012-10-15T10:22:11,,,2012-10-31T17:19:07,,,,missing_dev_boundary
BOOKKEEPER-435,2012-10-15T12:54:10,,,2012-10-22T10:15:26,,,,missing_dev_boundary
BOOKKEEPER-436,2012-10-16T17:38:19,,,2012-10-16T21:21:32,,,,missing_dev_boundary
BOOKKEEPER-437,2012-10-16T21:53:07,,,2012-10-17T11:12:33,,,,missing_dev_boundary
BOOKKEEPER-438,2012-10-17T03:28:31,,,2015-12-02T07:40:23,,,,missing_dev_boundary
BOOKKEEPER-439,2012-10-19T10:08:27,,,2012-10-26T13:17:45,,,,missing_dev_boundary
BOOKKEEPER-44,2011-08-11T05:28:04,,,2011-08-30T08:13:18,,,,missing_dev_boundary
BOOKKEEPER-440,2012-10-23T10:22:38,,,2012-11-26T17:51:07,,,,missing_dev_boundary
BOOKKEEPER-441,2012-10-24T16:37:10,,,2012-10-26T10:13:38,,,,missing_dev_boundary
BOOKKEEPER-442,2012-10-25T05:10:57,,,2012-12-03T15:28:33,,,,missing_dev_boundary
BOOKKEEPER-443,2012-10-25T06:46:09,,,2013-08-29T07:58:42,,,,missing_dev_boundary
BOOKKEEPER-444,2012-10-25T15:01:26,,,2012-11-07T16:28:10,,,,missing_dev_boundary
BOOKKEEPER-445,2012-10-27T14:47:39,,,2012-11-22T17:28:08,,,,missing_dev_boundary
BOOKKEEPER-446,2012-10-29T08:32:02,,,2013-09-10T13:15:15,,,,missing_dev_boundary
BOOKKEEPER-447,2012-10-30T01:30:46,,,2012-12-24T05:23:50,,,,missing_dev_boundary
BOOKKEEPER-448,2012-10-31T07:26:28,,,2017-10-09T09:47:31,,,,missing_dev_boundary
BOOKKEEPER-449,2012-10-31T07:33:42,,,,,,,missing_dev_boundary
BOOKKEEPER-45,2011-08-15T18:48:14,,,2017-10-09T09:56:20,,,,missing_dev_boundary
BOOKKEEPER-450,2012-10-31T07:47:38,,,,,,,missing_dev_boundary
BOOKKEEPER-451,2012-11-01T04:02:08,,,2013-07-06T20:49:55,,,,missing_dev_boundary
BOOKKEEPER-452,2012-11-02T16:21:21,,,2012-11-07T11:00:36,,,,missing_dev_boundary
BOOKKEEPER-453,2012-11-02T16:24:20,,,2012-12-07T11:22:38,,,,missing_dev_boundary
BOOKKEEPER-454,2012-11-02T20:42:50,,,2012-11-22T17:36:49,,,,missing_dev_boundary
BOOKKEEPER-455,2012-11-04T06:35:35,,,2012-11-10T00:51:58,,,,missing_dev_boundary
BOOKKEEPER-456,2012-11-04T12:41:27,,,2012-11-09T13:22:04,,,,missing_dev_boundary
BOOKKEEPER-457,2012-11-06T06:51:54,,,2012-11-29T14:20:42,,,,missing_dev_boundary
BOOKKEEPER-458,2012-11-06T14:37:32,,,2012-12-13T11:52:50,,,,missing_dev_boundary
BOOKKEEPER-459,2012-11-09T16:15:13,,,2012-12-03T13:55:57,,,,missing_dev_boundary
BOOKKEEPER-46,2011-08-15T21:07:56,,,2017-10-09T09:55:55,,,,missing_dev_boundary
BOOKKEEPER-460,2012-11-10T10:51:55,,,2012-11-26T15:43:33,,,,missing_dev_boundary
BOOKKEEPER-461,2012-11-11T14:39:41,,,2012-12-04T17:56:12,,,,missing_dev_boundary
BOOKKEEPER-462,2012-11-12T06:21:48,,,2013-01-12T07:11:55,,,,missing_dev_boundary
BOOKKEEPER-463,2012-11-12T12:39:29,,,2012-12-24T04:51:17,,,,missing_dev_boundary
BOOKKEEPER-464,2012-11-12T12:40:19,,,2017-10-09T09:44:39,,,,missing_dev_boundary
BOOKKEEPER-465,2012-11-14T05:51:14,,,2012-12-10T10:04:46,,,,missing_dev_boundary
BOOKKEEPER-466,2012-11-19T10:51:46,,,2012-11-21T11:24:50,,,,missing_dev_boundary
BOOKKEEPER-467,2012-11-19T10:53:29,,,2012-11-23T10:51:18,,,,missing_dev_boundary
BOOKKEEPER-468,2012-11-19T10:54:13,,,2012-11-21T09:32:09,,,,missing_dev_boundary
BOOKKEEPER-469,2012-11-19T10:55:20,,,2012-12-10T09:59:12,,,,missing_dev_boundary
BOOKKEEPER-47,2011-08-16T10:59:28,,,2016-03-16T04:21:00,,,,missing_dev_boundary
BOOKKEEPER-470,2012-11-19T10:59:34,,,2012-12-04T17:28:39,,,,missing_dev_boundary
BOOKKEEPER-471,2012-11-19T12:28:44,,,2012-11-27T09:52:59,,,,missing_dev_boundary
BOOKKEEPER-472,2012-11-19T12:45:14,,,2013-01-14T16:03:06,,,,missing_dev_boundary
BOOKKEEPER-473,2012-11-20T17:28:20,,,2017-10-09T09:44:28,,,,missing_dev_boundary
BOOKKEEPER-474,2012-11-21T10:17:40,,,2012-12-08T15:15:22,,,,missing_dev_boundary
BOOKKEEPER-475,2012-11-21T13:28:17,,,2012-12-04T21:16:45,,,,missing_dev_boundary
BOOKKEEPER-476,2012-11-23T16:23:45,,,2012-11-27T20:46:16,,,,missing_dev_boundary
BOOKKEEPER-477,2012-11-23T16:26:32,,,2012-11-27T15:53:13,,,,missing_dev_boundary
BOOKKEEPER-479,2012-11-27T11:05:11,,,2012-11-27T14:36:53,,,,missing_dev_boundary
BOOKKEEPER-48,2011-08-16T11:14:52,,,2017-10-09T09:55:42,,,,missing_dev_boundary
BOOKKEEPER-480,2012-11-27T11:05:35,,,2012-11-30T03:57:10,,,,missing_dev_boundary
BOOKKEEPER-481,2012-11-27T11:05:50,,,2012-11-30T03:54:44,,,,missing_dev_boundary
BOOKKEEPER-482,2012-11-27T11:18:22,,,2012-12-01T05:33:23,,,,missing_dev_boundary
BOOKKEEPER-483,2012-11-27T14:25:25,,,2012-12-13T15:44:59,,,,missing_dev_boundary
BOOKKEEPER-484,2012-11-27T15:14:46,,,2012-12-03T20:32:43,,,,missing_dev_boundary
BOOKKEEPER-485,2012-11-27T15:33:54,,,2012-12-01T14:05:06,,,,missing_dev_boundary
BOOKKEEPER-486,2012-11-28T03:47:05,,,2012-11-28T15:11:28,,,,missing_dev_boundary
BOOKKEEPER-487,2012-11-29T08:11:30,,,2012-11-29T16:55:38,,,,missing_dev_boundary
BOOKKEEPER-488,2012-12-01T03:01:05,,,2017-10-09T09:44:11,,,,missing_dev_boundary
BOOKKEEPER-489,2012-12-01T05:41:43,,,2012-12-07T11:53:38,,,,missing_dev_boundary
BOOKKEEPER-49,2011-08-16T11:21:59,,,2014-07-26T06:53:52,,,,missing_dev_boundary
BOOKKEEPER-490,2012-12-04T05:39:56,,,2012-12-18T05:48:52,,,,missing_dev_boundary
BOOKKEEPER-491,2012-12-04T12:05:06,,,2012-12-11T10:23:17,,,,missing_dev_boundary
BOOKKEEPER-492,2012-12-05T08:43:48,,,2017-10-09T09:43:14,,,,missing_dev_boundary
BOOKKEEPER-493,2012-12-06T18:21:59,,,2012-12-12T17:27:53,,,,missing_dev_boundary
BOOKKEEPER-494,2012-12-07T05:26:07,,,2017-06-22T00:25:25,,,,missing_dev_boundary
BOOKKEEPER-495,2012-12-07T11:23:44,,,2012-12-11T17:59:56,,,,missing_dev_boundary
BOOKKEEPER-496,2012-12-07T17:04:23,,,2012-12-18T11:02:35,,,,missing_dev_boundary
BOOKKEEPER-497,2012-12-10T10:50:42,,,2012-12-12T05:54:48,,,,missing_dev_boundary
BOOKKEEPER-498,2012-12-10T14:29:56,,,2012-12-10T15:04:18,,,,missing_dev_boundary
BOOKKEEPER-499,2012-12-11T01:15:20,,,2016-03-16T04:21:02,,,,missing_dev_boundary
BOOKKEEPER-5,2011-02-21T20:55:47,,,2011-08-30T07:49:03,,,,missing_dev_boundary
BOOKKEEPER-50,2011-08-18T10:41:02,,,2011-11-04T10:47:18,,,,missing_dev_boundary
BOOKKEEPER-500,2012-12-11T06:31:48,,,2012-12-18T12:05:21,,,,missing_dev_boundary
BOOKKEEPER-501,2012-12-11T21:47:08,,,2016-03-16T04:21:02,,,,missing_dev_boundary
BOOKKEEPER-502,2012-12-12T11:54:01,,,2017-10-09T09:42:58,,,,missing_dev_boundary
BOOKKEEPER-503,2012-12-13T17:11:05,,,2013-01-12T17:55:49,,,,missing_dev_boundary
BOOKKEEPER-504,2012-12-13T21:44:00,,,2012-12-14T14:15:24,,,,missing_dev_boundary
BOOKKEEPER-505,2012-12-14T08:42:13,,,2013-03-17T23:53:26,,,,missing_dev_boundary
BOOKKEEPER-506,2012-12-14T08:53:11,,,2013-03-25T16:27:06,,,,missing_dev_boundary
BOOKKEEPER-507,2012-12-14T08:55:54,,,2013-01-03T11:09:07,,,,missing_dev_boundary
BOOKKEEPER-508,2012-12-14T09:14:30,,,2016-03-16T04:21:02,,,,missing_dev_boundary
BOOKKEEPER-509,2012-12-14T09:19:48,,,2012-12-18T10:55:55,,,,missing_dev_boundary
BOOKKEEPER-51,2011-08-18T10:52:23,,,2011-08-30T09:14:52,,,,missing_dev_boundary
BOOKKEEPER-510,2012-12-14T10:04:35,,,2017-10-09T09:42:49,,,,missing_dev_boundary
BOOKKEEPER-511,2012-12-14T15:56:02,,,2012-12-15T01:45:28,,,,missing_dev_boundary
BOOKKEEPER-512,2012-12-14T16:44:56,,,2012-12-15T02:08:50,,,,missing_dev_boundary
BOOKKEEPER-513,2012-12-14T16:56:23,,,2013-01-14T12:46:41,,,,missing_dev_boundary
BOOKKEEPER-514,2012-12-14T17:17:45,,,2012-12-28T11:33:12,,,,missing_dev_boundary
BOOKKEEPER-515,2012-12-14T17:22:30,,,2014-03-23T18:08:59,,,,missing_dev_boundary
BOOKKEEPER-516,2012-12-14T22:14:49,,,2013-01-02T10:31:57,,,,missing_dev_boundary
BOOKKEEPER-517,2012-12-17T05:53:08,,,2016-03-16T04:21:00,,,,missing_dev_boundary
BOOKKEEPER-518,2012-12-17T06:10:17,,,2016-03-16T04:21:05,,,,missing_dev_boundary
BOOKKEEPER-519,2012-12-18T11:23:31,,,2014-01-15T08:05:46,,,,missing_dev_boundary
BOOKKEEPER-52,2011-08-18T11:07:11,,,2011-08-30T10:14:39,,,,missing_dev_boundary
BOOKKEEPER-520,2012-12-18T17:05:04,,,2012-12-27T22:17:13,,,,missing_dev_boundary
BOOKKEEPER-521,2012-12-20T07:48:03,,,2017-10-09T09:42:19,,,,missing_dev_boundary
BOOKKEEPER-522,2012-12-20T16:43:47,,,2012-12-24T05:06:19,,,,missing_dev_boundary
BOOKKEEPER-523,2012-12-20T18:28:29,,,2012-12-29T15:33:04,,,,missing_dev_boundary
BOOKKEEPER-524,2012-12-21T01:29:44,,,2013-01-07T02:48:49,,,,missing_dev_boundary
BOOKKEEPER-525,2012-12-24T02:18:50,,,2017-10-09T09:42:07,,,,missing_dev_boundary
BOOKKEEPER-526,2012-12-29T00:31:54,,,2013-02-06T15:31:40,,,,missing_dev_boundary
BOOKKEEPER-527,2012-12-29T00:36:57,,,2016-03-16T04:21:01,,,,missing_dev_boundary
BOOKKEEPER-528,2012-12-29T00:43:15,,,2016-03-16T04:21:00,,,,missing_dev_boundary
BOOKKEEPER-529,2012-12-29T00:50:20,,,2013-01-09T16:47:51,,,,missing_dev_boundary
BOOKKEEPER-53,2011-08-25T05:48:13,,,2011-11-28T23:18:42,,,,missing_dev_boundary
BOOKKEEPER-530,2012-12-29T07:38:31,,,2013-01-10T14:34:08,,,,missing_dev_boundary
BOOKKEEPER-531,2013-01-05T08:04:48,,,2013-01-09T11:30:00,,,,missing_dev_boundary
BOOKKEEPER-532,2013-01-05T08:12:40,,,2013-01-07T23:45:41,,,,missing_dev_boundary
BOOKKEEPER-533,2013-01-05T12:52:03,,,2013-01-09T16:18:49,,,,missing_dev_boundary
BOOKKEEPER-534,2013-01-05T13:01:04,,,2013-01-07T21:54:14,,,,missing_dev_boundary
BOOKKEEPER-535,2013-01-06T02:20:54,,,2016-03-16T04:21:00,,,,missing_dev_boundary
BOOKKEEPER-536,2013-01-07T10:29:47,,,2016-03-16T04:21:02,,,,missing_dev_boundary
BOOKKEEPER-537,2013-01-08T03:29:19,,,2016-04-10T04:26:56,,,,missing_dev_boundary
BOOKKEEPER-538,2013-01-08T18:37:21,,,2013-01-10T18:14:34,,,,missing_dev_boundary
BOOKKEEPER-539,2013-01-09T06:16:05,,,2013-01-11T04:17:14,,,,missing_dev_boundary
BOOKKEEPER-54,2011-08-25T06:21:25,,,2011-11-03T09:37:24,,,,missing_dev_boundary
BOOKKEEPER-540,2013-01-09T07:06:31,,,2013-01-10T09:42:43,,,,missing_dev_boundary
BOOKKEEPER-541,2013-01-09T12:23:01,,,2013-01-09T15:34:56,,,,missing_dev_boundary
BOOKKEEPER-542,2013-01-09T16:38:48,,,2013-01-09T17:49:16,,,,missing_dev_boundary
BOOKKEEPER-543,2013-01-10T07:49:39,,,2013-01-10T09:39:53,,,,missing_dev_boundary
BOOKKEEPER-544,2013-01-11T11:36:07,,,2013-06-06T17:04:35,,,,missing_dev_boundary
BOOKKEEPER-545,2013-01-11T21:03:35,,,2016-03-16T04:21:04,,,,missing_dev_boundary
BOOKKEEPER-546,2013-01-11T22:27:15,,,2017-10-09T09:41:45,,,,missing_dev_boundary
BOOKKEEPER-548,2013-01-16T09:59:43,,,2013-02-19T15:17:41,,,,missing_dev_boundary
BOOKKEEPER-549,2013-01-16T10:12:56,,,2013-02-19T15:20:22,,,,missing_dev_boundary
BOOKKEEPER-55,2011-08-25T10:52:23,,,2013-01-02T21:24:49,,,,missing_dev_boundary
BOOKKEEPER-550,2013-01-19T16:51:45,,,2013-01-20T06:42:17,,,,missing_dev_boundary
BOOKKEEPER-551,2013-01-20T06:48:53,,,2016-03-16T04:21:03,,,,missing_dev_boundary
BOOKKEEPER-552,2013-01-20T07:07:05,2017-02-17T22:56:58,2017-05-02T21:05:19,2017-05-02T21:10:20,35751.8314,1774.1392,0.0836,
BOOKKEEPER-553,2013-01-20T07:15:41,,,2017-01-31T01:42:51,,,,missing_dev_boundary
BOOKKEEPER-554,2013-01-20T07:32:38,,,2013-02-12T05:00:39,,,,missing_dev_boundary
BOOKKEEPER-555,2013-01-24T16:49:32,,,2013-02-12T10:17:39,,,,missing_dev_boundary
BOOKKEEPER-556,2013-01-24T16:52:40,,,2013-02-09T08:00:05,,,,missing_dev_boundary
BOOKKEEPER-557,2013-01-24T17:16:47,,,2013-03-25T05:27:46,,,,missing_dev_boundary
BOOKKEEPER-558,2013-01-25T00:31:33,,,2013-03-28T18:43:56,,,,missing_dev_boundary
BOOKKEEPER-559,2013-01-28T08:30:50,,,2013-03-05T17:47:48,,,,missing_dev_boundary
BOOKKEEPER-56,2011-08-26T08:09:50,,,2012-04-28T08:12:00,,,,missing_dev_boundary
BOOKKEEPER-560,2013-01-31T18:43:23,,,2017-10-09T09:41:28,,,,missing_dev_boundary
BOOKKEEPER-561,2013-02-05T17:53:28,,,2013-02-08T18:09:49,,,,missing_dev_boundary
BOOKKEEPER-562,2013-02-07T22:34:08,,,2013-06-12T18:22:54,,,,missing_dev_boundary
BOOKKEEPER-563,2013-02-09T04:44:17,,,2013-07-20T18:00:31,,,,missing_dev_boundary
BOOKKEEPER-564,2013-02-09T04:52:54,,,2013-05-04T12:23:20,,,,missing_dev_boundary
BOOKKEEPER-565,2013-02-09T04:59:11,,,2013-12-02T17:46:15,,,,missing_dev_boundary
BOOKKEEPER-566,2013-02-09T05:07:27,,,2015-03-12T08:05:28,,,,missing_dev_boundary
BOOKKEEPER-567,2013-02-09T08:57:19,,,2013-02-19T15:55:04,,,,missing_dev_boundary
BOOKKEEPER-568,2013-02-11T22:33:44,,,2013-02-15T04:32:07,,,,missing_dev_boundary
BOOKKEEPER-569,2013-02-13T17:00:14,,,2013-02-16T15:04:17,,,,missing_dev_boundary
BOOKKEEPER-57,2011-08-29T08:37:26,,,2011-08-31T10:18:53,,,,missing_dev_boundary
BOOKKEEPER-570,2013-02-19T05:16:47,,,2016-03-16T04:21:00,,,,missing_dev_boundary
BOOKKEEPER-571,2013-02-21T09:08:14,,,2017-10-09T09:41:18,,,,missing_dev_boundary
BOOKKEEPER-572,2013-02-22T17:10:17,,,2013-11-15T14:56:41,,,,missing_dev_boundary
BOOKKEEPER-573,2013-02-22T17:12:06,,,2013-03-17T23:40:27,,,,missing_dev_boundary
BOOKKEEPER-574,2013-02-22T17:13:44,,,2013-02-26T03:14:33,,,,missing_dev_boundary
BOOKKEEPER-575,2013-02-26T14:26:52,,,2017-08-02T08:49:07,,,,missing_dev_boundary
BOOKKEEPER-576,2013-02-26T14:34:37,,,2013-03-17T23:31:51,,,,missing_dev_boundary
BOOKKEEPER-577,2013-02-26T14:36:01,,,2013-05-07T19:49:57,,,,missing_dev_boundary
BOOKKEEPER-578,2013-02-27T01:02:28,2016-03-14T23:34:34,2016-04-05T06:50:57,2016-04-05T06:51:08,26686.5350,511.2731,0.0031,
BOOKKEEPER-579,2013-02-27T05:52:28,,,2013-03-08T23:43:18,,,,missing_dev_boundary
BOOKKEEPER-58,2011-08-29T13:25:14,,,2011-08-29T17:33:24,,,,missing_dev_boundary
BOOKKEEPER-580,2013-02-27T05:59:21,,,2013-08-23T17:20:28,,,,missing_dev_boundary
BOOKKEEPER-581,2013-03-05T20:31:50,,,2013-03-25T17:03:03,,,,missing_dev_boundary
BOOKKEEPER-582,2013-03-06T00:38:25,,,2014-07-24T22:35:14,,,,missing_dev_boundary
BOOKKEEPER-583,2013-03-07T06:33:57,,,2013-03-25T05:48:57,,,,missing_dev_boundary
BOOKKEEPER-584,2013-03-12T06:05:43,,,2013-04-26T16:39:41,,,,missing_dev_boundary
BOOKKEEPER-585,2013-03-14T19:04:38,,,2013-03-17T23:34:16,,,,missing_dev_boundary
BOOKKEEPER-586,2013-03-20T06:35:03,,,2013-03-25T15:10:47,,,,missing_dev_boundary
BOOKKEEPER-587,2013-03-20T13:14:57,,,2014-07-26T06:55:19,,,,missing_dev_boundary
BOOKKEEPER-588,2013-03-20T13:15:33,2016-12-21T16:18:38,2017-08-01T22:50:00,2017-08-02T08:47:12,32931.0514,5358.5228,9.9533,
BOOKKEEPER-589,2013-03-20T13:18:43,,,2014-10-08T08:48:14,,,,missing_dev_boundary
BOOKKEEPER-59,2011-08-30T07:46:22,,,2011-09-16T14:56:48,,,,missing_dev_boundary
BOOKKEEPER-590,2013-03-21T09:33:17,,,2017-10-09T09:40:44,,,,missing_dev_boundary
BOOKKEEPER-591,2013-03-21T12:53:27,,,,,,,missing_dev_boundary
BOOKKEEPER-592,2013-03-22T10:04:34,,,2013-06-12T16:42:22,,,,missing_dev_boundary
BOOKKEEPER-593,2013-03-22T10:22:08,,,2017-10-09T09:40:06,,,,missing_dev_boundary
BOOKKEEPER-594,2013-03-26T18:27:12,2016-03-10T20:58:29,2016-03-16T03:51:32,2016-03-16T03:51:42,25922.5214,126.8842,0.0028,
BOOKKEEPER-595,2013-03-27T11:00:17,,,2013-04-02T15:39:31,,,,missing_dev_boundary
BOOKKEEPER-596,2013-03-28T18:59:04,,,2013-07-26T19:36:10,,,,missing_dev_boundary
BOOKKEEPER-597,2013-04-02T12:04:04,,,2013-04-02T14:15:29,,,,missing_dev_boundary
BOOKKEEPER-598,2013-04-04T16:48:51,,,2013-04-07T18:11:58,,,,missing_dev_boundary
BOOKKEEPER-599,2013-04-05T04:25:28,,,2013-04-07T18:07:32,,,,missing_dev_boundary
BOOKKEEPER-6,2010-12-09T11:32:09,,,2011-06-01T10:56:12,,,,missing_dev_boundary
BOOKKEEPER-60,2011-08-30T10:22:17,,,2011-11-03T09:51:30,,,,missing_dev_boundary
BOOKKEEPER-600,2013-04-05T18:37:17,,,2013-07-14T22:56:46,,,,missing_dev_boundary
BOOKKEEPER-601,2013-04-05T18:39:02,,,2013-07-13T15:24:08,,,,missing_dev_boundary
BOOKKEEPER-602,2013-04-05T19:03:48,,,2014-03-10T02:00:08,,,,missing_dev_boundary
BOOKKEEPER-603,2013-04-08T02:39:19,,,2013-06-03T11:04:13,,,,missing_dev_boundary
BOOKKEEPER-604,2013-04-08T16:56:29,,,2013-08-12T17:01:46,,,,missing_dev_boundary
BOOKKEEPER-605,2013-04-11T19:34:48,,,2013-10-14T14:44:09,,,,missing_dev_boundary
BOOKKEEPER-606,2013-04-15T13:11:15,,,2016-03-16T04:21:04,,,,missing_dev_boundary
BOOKKEEPER-607,2013-04-22T03:50:37,,,2013-07-22T17:30:13,,,,missing_dev_boundary
BOOKKEEPER-608,2013-05-06T12:49:27,,,2013-05-09T09:42:09,,,,missing_dev_boundary
BOOKKEEPER-609,2013-05-09T13:47:15,,,2017-10-09T09:39:29,,,,missing_dev_boundary
BOOKKEEPER-61,2011-08-30T10:28:49,,,2011-10-07T22:24:49,,,,missing_dev_boundary
BOOKKEEPER-610,2013-05-10T09:45:22,,,2013-07-20T18:06:54,,,,missing_dev_boundary
BOOKKEEPER-611,2013-05-15T15:53:25,,,2013-05-31T10:03:44,,,,missing_dev_boundary
BOOKKEEPER-612,2013-05-21T06:18:34,2016-07-15T15:48:51,2016-10-13T05:51:17,2016-10-13T05:51:51,27633.5047,2150.0406,0.0094,
BOOKKEEPER-613,2013-05-27T15:55:23,,,,,,,missing_dev_boundary
BOOKKEEPER-614,2013-05-31T16:25:10,,,2013-10-29T09:10:16,,,,missing_dev_boundary
BOOKKEEPER-615,2013-05-31T16:27:05,,,2013-10-30T15:42:27,,,,missing_dev_boundary
BOOKKEEPER-616,2013-06-02T07:00:25,,,2016-03-16T04:21:02,,,,missing_dev_boundary
BOOKKEEPER-617,2013-06-03T11:02:09,,,2013-06-05T09:49:31,,,,missing_dev_boundary
BOOKKEEPER-618,2013-06-04T15:55:59,,,2013-07-13T00:03:14,,,,missing_dev_boundary
BOOKKEEPER-619,2013-06-06T16:34:23,,,2013-06-21T16:55:35,,,,missing_dev_boundary
BOOKKEEPER-62,2011-08-30T10:36:47,,,2011-11-30T10:14:42,,,,missing_dev_boundary
BOOKKEEPER-620,2013-06-07T00:58:41,,,2013-06-28T16:00:01,,,,missing_dev_boundary
BOOKKEEPER-621,2013-06-07T09:15:23,,,2013-07-20T18:13:39,,,,missing_dev_boundary
BOOKKEEPER-622,2013-06-07T16:38:48,,,2017-10-09T09:39:19,,,,missing_dev_boundary
BOOKKEEPER-623,2013-06-12T04:45:20,,,2013-06-26T01:27:33,,,,missing_dev_boundary
BOOKKEEPER-624,2013-06-12T06:49:22,,,2013-08-20T11:03:32,,,,missing_dev_boundary
BOOKKEEPER-625,2013-06-14T04:45:58,,,2013-07-24T12:16:30,,,,missing_dev_boundary
BOOKKEEPER-626,2013-06-14T05:40:38,,,2013-06-15T14:58:06,,,,missing_dev_boundary
BOOKKEEPER-627,2013-06-14T19:15:11,,,2013-06-15T15:08:51,,,,missing_dev_boundary
BOOKKEEPER-628,2013-06-17T18:49:52,2017-10-25T13:54:03,2017-11-01T02:43:26,2017-11-01T02:43:26,38179.0697,156.8231,0.0000,
BOOKKEEPER-629,2013-06-18T04:25:08,,,2014-05-12T06:31:34,,,,missing_dev_boundary
BOOKKEEPER-63,2011-08-31T11:29:45,,,2011-09-05T10:33:43,,,,missing_dev_boundary
BOOKKEEPER-630,2013-06-18T08:12:59,,,2014-08-18T21:03:56,,,,missing_dev_boundary
BOOKKEEPER-631,2013-06-20T05:38:39,,,2016-06-18T00:19:32,,,,missing_dev_boundary
BOOKKEEPER-632,2013-06-20T10:02:07,,,2013-08-21T13:55:26,,,,missing_dev_boundary
BOOKKEEPER-633,2013-06-25T09:42:57,,,2013-06-26T01:35:40,,,,missing_dev_boundary
BOOKKEEPER-634,2013-06-25T18:42:05,,,2015-01-13T12:09:14,,,,missing_dev_boundary
BOOKKEEPER-635,2013-06-26T14:14:32,,,2013-07-20T18:17:06,,,,missing_dev_boundary
BOOKKEEPER-636,2013-06-26T17:47:06,,,2013-07-04T15:19:46,,,,missing_dev_boundary
BOOKKEEPER-637,2013-06-26T21:13:55,,,2013-07-03T10:00:37,,,,missing_dev_boundary
BOOKKEEPER-638,2013-06-28T01:34:35,,,2013-10-11T14:19:01,,,,missing_dev_boundary
BOOKKEEPER-639,2013-07-01T05:00:24,,,2017-07-28T00:00:00,,,,missing_dev_boundary
BOOKKEEPER-64,2011-09-06T14:00:03,,,2017-10-09T09:55:29,,,,missing_dev_boundary
BOOKKEEPER-640,2013-07-02T19:23:11,,,2013-10-02T04:23:55,,,,missing_dev_boundary
BOOKKEEPER-641,2013-07-02T19:53:15,,,2013-07-03T15:39:23,,,,missing_dev_boundary
BOOKKEEPER-642,2013-07-05T17:15:54,,,2013-07-24T14:56:31,,,,missing_dev_boundary
BOOKKEEPER-643,2013-07-06T20:53:36,,,2014-01-22T13:35:27,,,,missing_dev_boundary
BOOKKEEPER-644,2013-07-07T01:13:06,,,2014-02-05T21:44:24,,,,missing_dev_boundary
BOOKKEEPER-645,2013-07-07T10:01:22,,,2013-10-02T04:54:47,,,,missing_dev_boundary
BOOKKEEPER-646,2013-07-08T06:11:20,,,2013-07-20T18:28:01,,,,missing_dev_boundary
BOOKKEEPER-647,2013-07-11T10:29:55,,,2013-07-11T18:15:43,,,,missing_dev_boundary
BOOKKEEPER-648,2013-07-13T15:28:50,,,2016-03-16T04:22:28,,,,missing_dev_boundary
BOOKKEEPER-649,2013-07-16T18:03:39,,,2013-08-22T15:15:56,,,,missing_dev_boundary
BOOKKEEPER-65,2011-09-07T10:29:47,,,2011-10-17T21:40:13,,,,missing_dev_boundary
BOOKKEEPER-650,2013-07-17T01:14:00,,,2016-03-16T04:21:03,,,,missing_dev_boundary
BOOKKEEPER-651,2013-07-17T01:15:35,,,2016-03-16T04:21:03,,,,missing_dev_boundary
BOOKKEEPER-652,2013-07-20T08:43:31,,,2013-07-20T18:31:51,,,,missing_dev_boundary
BOOKKEEPER-653,2013-07-20T20:25:30,,,2013-07-24T14:15:07,,,,missing_dev_boundary
BOOKKEEPER-654,2013-07-21T09:05:46,,,2014-02-21T18:01:50,,,,missing_dev_boundary
BOOKKEEPER-655,2013-07-22T12:43:28,,,2013-07-23T04:16:37,,,,missing_dev_boundary
BOOKKEEPER-656,2013-07-23T05:18:14,,,2014-05-07T05:10:39,,,,missing_dev_boundary
BOOKKEEPER-657,2013-07-23T05:21:29,,,2013-10-12T03:44:28,,,,missing_dev_boundary
BOOKKEEPER-658,2013-07-23T05:23:24,,,2013-10-11T06:37:30,,,,missing_dev_boundary
BOOKKEEPER-659,2013-07-23T05:24:52,,,2013-10-22T14:22:16,,,,missing_dev_boundary
BOOKKEEPER-66,2011-09-13T14:10:42,,,2011-11-30T15:42:35,,,,missing_dev_boundary
BOOKKEEPER-660,2013-07-24T13:57:10,,,2013-08-20T12:27:51,,,,missing_dev_boundary
BOOKKEEPER-661,2013-07-25T06:42:16,,,2014-01-21T16:26:42,,,,missing_dev_boundary
BOOKKEEPER-662,2013-07-25T06:44:39,,,2014-01-15T14:58:46,,,,missing_dev_boundary
BOOKKEEPER-663,2013-07-26T19:31:59,,,2013-07-29T12:23:19,,,,missing_dev_boundary
BOOKKEEPER-664,2013-07-29T12:35:59,,,2013-10-22T05:44:36,,,,missing_dev_boundary
BOOKKEEPER-665,2013-07-29T15:37:08,,,2016-03-14T19:16:32,,,,missing_dev_boundary
BOOKKEEPER-666,2013-08-04T17:39:33,,,2013-10-02T04:41:00,,,,missing_dev_boundary
BOOKKEEPER-667,2013-08-06T06:29:24,,,2013-08-13T13:02:24,,,,missing_dev_boundary
BOOKKEEPER-668,2013-08-06T09:52:07,,,2013-08-20T10:52:21,,,,missing_dev_boundary
BOOKKEEPER-669,2013-08-08T00:59:18,,,2013-09-09T16:01:33,,,,missing_dev_boundary
BOOKKEEPER-67,2011-09-13T17:35:12,,,2017-10-09T09:55:12,,,,missing_dev_boundary
BOOKKEEPER-670,2013-08-09T00:01:41,,,2017-07-17T21:28:57,,,,missing_dev_boundary
BOOKKEEPER-671,2013-08-13T09:47:55,,,2017-10-09T09:39:05,,,,missing_dev_boundary
BOOKKEEPER-672,2013-08-13T15:12:32,,,2017-10-09T09:38:44,,,,missing_dev_boundary
BOOKKEEPER-673,2013-08-21T11:00:38,,,2013-10-14T16:32:44,,,,missing_dev_boundary
BOOKKEEPER-674,2013-08-22T09:38:55,,,2017-10-09T09:38:27,,,,missing_dev_boundary
BOOKKEEPER-675,2013-08-22T15:22:13,,,2013-09-10T22:36:51,,,,missing_dev_boundary
BOOKKEEPER-676,2013-08-23T04:26:39,,,2013-10-14T15:39:10,,,,missing_dev_boundary
BOOKKEEPER-677,2013-08-24T19:30:00,,,2013-08-27T21:14:56,,,,missing_dev_boundary
BOOKKEEPER-678,2013-09-01T09:18:58,,,2013-11-22T09:41:21,,,,missing_dev_boundary
BOOKKEEPER-679,2013-09-04T15:49:17,,,2013-09-09T10:29:51,,,,missing_dev_boundary
BOOKKEEPER-68,2011-09-19T21:07:43,,,2011-10-18T08:43:31,,,,missing_dev_boundary
BOOKKEEPER-680,2009-04-01T15:59:07,,,2017-10-09T11:47:23,,,,missing_dev_boundary
BOOKKEEPER-681,2013-09-09T16:16:24,,,2014-07-27T19:56:45,,,,missing_dev_boundary
BOOKKEEPER-682,2013-09-12T11:27:08,,,2013-09-16T09:11:10,,,,missing_dev_boundary
BOOKKEEPER-683,2013-09-12T20:27:44,,,2013-09-27T09:38:15,,,,missing_dev_boundary
BOOKKEEPER-684,2013-09-13T09:47:46,,,2013-09-19T21:18:02,,,,missing_dev_boundary
BOOKKEEPER-685,2013-09-13T19:15:03,,,2013-10-02T09:53:02,,,,missing_dev_boundary
BOOKKEEPER-686,2013-09-29T08:06:17,,,2013-10-02T05:02:25,,,,missing_dev_boundary
BOOKKEEPER-687,2013-10-02T05:12:39,,,2015-07-16T06:30:25,,,,missing_dev_boundary
BOOKKEEPER-688,2013-10-04T07:09:29,,,2014-03-04T08:21:00,,,,missing_dev_boundary
BOOKKEEPER-689,2013-10-04T18:16:50,,,2014-03-07T18:15:22,,,,missing_dev_boundary
BOOKKEEPER-69,2011-09-28T06:01:27,,,2011-11-18T10:39:01,,,,missing_dev_boundary
BOOKKEEPER-690,2013-10-08T05:29:27,,,2014-07-29T07:32:39,,,,missing_dev_boundary
BOOKKEEPER-691,2010-01-26T18:00:58,,,2017-10-09T09:36:54,,,,missing_dev_boundary
BOOKKEEPER-692,2011-03-14T17:20:36,,,2017-10-09T09:36:36,,,,missing_dev_boundary
BOOKKEEPER-693,2010-11-04T08:30:00,,,2017-10-09T09:35:52,,,,missing_dev_boundary
BOOKKEEPER-694,2010-03-13T00:41:21,,,2017-10-09T09:35:17,,,,missing_dev_boundary
BOOKKEEPER-695,2013-10-16T21:34:21,,,2015-09-25T06:05:37,,,,missing_dev_boundary
BOOKKEEPER-696,2013-10-29T06:45:23,,,2014-01-21T04:19:52,,,,missing_dev_boundary
BOOKKEEPER-697,2013-10-29T06:46:09,,,2014-08-02T18:02:41,,,,missing_dev_boundary
BOOKKEEPER-698,2013-10-29T08:37:18,,,2013-10-30T05:00:13,,,,missing_dev_boundary
BOOKKEEPER-699,2013-10-29T17:58:28,,,2013-11-09T18:50:33,,,,missing_dev_boundary
BOOKKEEPER-7,2009-02-04T11:01:20,,,2013-04-21T15:13:51,,,,missing_dev_boundary
BOOKKEEPER-70,2011-09-29T09:58:14,,,2012-12-07T11:24:17,,,,missing_dev_boundary
BOOKKEEPER-700,2013-10-30T09:17:16,,,2013-10-30T15:28:32,,,,missing_dev_boundary
BOOKKEEPER-701,2013-11-01T07:01:37,,,2013-12-06T06:39:56,,,,missing_dev_boundary
BOOKKEEPER-702,2013-11-07T09:17:19,,,2014-03-07T18:07:44,,,,missing_dev_boundary
BOOKKEEPER-703,2013-11-10T02:28:49,,,2014-01-24T08:26:44,,,,missing_dev_boundary
BOOKKEEPER-704,2013-11-10T06:11:19,,,2014-08-18T21:00:32,,,,missing_dev_boundary
BOOKKEEPER-705,2013-11-10T06:12:41,,,2016-04-10T04:25:48,,,,missing_dev_boundary
BOOKKEEPER-706,2013-11-10T06:13:46,,,2016-04-10T04:26:36,,,,missing_dev_boundary
BOOKKEEPER-707,2013-11-10T06:14:28,,,2016-03-16T04:21:01,,,,missing_dev_boundary
BOOKKEEPER-708,2013-11-10T22:02:12,,,2014-02-02T05:34:26,,,,missing_dev_boundary
BOOKKEEPER-709,2013-11-23T03:39:01,,,2014-01-03T17:12:59,,,,missing_dev_boundary
BOOKKEEPER-71,2011-09-29T16:26:08,,,2011-10-28T13:35:07,,,,missing_dev_boundary
BOOKKEEPER-710,2013-11-23T06:22:54,,,2014-04-11T23:35:29,,,,missing_dev_boundary
BOOKKEEPER-711,2013-12-03T09:08:01,,,2013-12-05T06:34:01,,,,missing_dev_boundary
BOOKKEEPER-712,2013-12-05T03:14:36,,,2013-12-05T06:36:17,,,,missing_dev_boundary
BOOKKEEPER-713,2013-12-06T06:57:10,,,2013-12-06T08:34:08,,,,missing_dev_boundary
BOOKKEEPER-714,2013-12-31T07:06:27,,,2014-03-10T02:07:41,,,,missing_dev_boundary
BOOKKEEPER-715,2013-12-31T07:58:00,,,2014-03-07T12:31:15,,,,missing_dev_boundary
BOOKKEEPER-716,2013-12-31T08:01:04,,,2014-04-29T20:09:16,,,,missing_dev_boundary
BOOKKEEPER-717,2013-12-31T08:05:05,,,2014-03-07T12:16:13,,,,missing_dev_boundary
BOOKKEEPER-718,2014-01-15T15:27:21,,,,,,,missing_dev_boundary
BOOKKEEPER-719,2014-01-21T05:38:17,,,2014-01-21T15:42:13,,,,missing_dev_boundary
BOOKKEEPER-72,2011-10-07T10:20:37,,,2012-05-17T16:33:04,,,,missing_dev_boundary
BOOKKEEPER-720,2014-01-21T11:19:27,,,2014-01-22T06:38:04,,,,missing_dev_boundary
BOOKKEEPER-721,2014-01-22T06:44:09,,,,,,,missing_dev_boundary
BOOKKEEPER-722,2014-01-22T06:45:27,,,,,,,missing_dev_boundary
BOOKKEEPER-723,2014-02-02T06:20:44,,,,,,,missing_dev_boundary
BOOKKEEPER-724,2014-02-02T08:51:20,,,2014-02-06T11:34:03,,,,missing_dev_boundary
BOOKKEEPER-725,2014-02-04T16:43:35,,,2014-02-06T08:31:33,,,,missing_dev_boundary
BOOKKEEPER-726,2014-02-04T16:45:33,,,2014-03-10T02:11:09,,,,missing_dev_boundary
BOOKKEEPER-727,2014-02-04T16:46:44,,,2014-02-05T21:52:30,,,,missing_dev_boundary
BOOKKEEPER-728,2014-02-04T16:47:49,,,2014-02-06T08:21:31,,,,missing_dev_boundary
BOOKKEEPER-729,2014-02-04T16:49:37,,,2014-02-06T08:26:11,,,,missing_dev_boundary
BOOKKEEPER-73,2011-10-07T10:29:35,,,2012-10-22T14:48:49,,,,missing_dev_boundary
BOOKKEEPER-730,2014-02-06T08:37:51,,,2014-03-07T18:06:24,,,,missing_dev_boundary
BOOKKEEPER-731,2014-02-06T12:27:37,,,2014-02-10T05:54:13,,,,missing_dev_boundary
BOOKKEEPER-732,2014-02-06T12:33:10,,,2014-02-10T05:52:38,,,,missing_dev_boundary
BOOKKEEPER-733,2014-02-18T16:46:51,,,,,,,missing_dev_boundary
BOOKKEEPER-734,2014-02-22T15:51:34,,,2014-03-10T02:00:25,,,,missing_dev_boundary
BOOKKEEPER-735,2014-02-22T17:43:38,,,2014-03-03T07:41:07,,,,missing_dev_boundary
BOOKKEEPER-736,2014-02-24T07:39:02,,,2014-09-06T05:59:07,,,,missing_dev_boundary
BOOKKEEPER-737,2014-02-24T07:43:46,,,2014-07-28T04:27:48,,,,missing_dev_boundary
BOOKKEEPER-738,2014-02-24T07:45:55,,,2014-07-28T04:28:09,,,,missing_dev_boundary
BOOKKEEPER-739,2014-03-04T17:48:00,,,2014-07-23T23:41:46,,,,missing_dev_boundary
BOOKKEEPER-74,2011-10-07T10:31:34,,,2012-03-01T14:13:36,,,,missing_dev_boundary
BOOKKEEPER-740,2014-03-07T09:25:21,,,2014-03-10T02:15:03,,,,missing_dev_boundary
BOOKKEEPER-741,2014-04-04T15:20:59,,,2014-04-04T16:54:18,,,,missing_dev_boundary
BOOKKEEPER-742,2014-04-04T15:23:54,,,2014-04-24T11:41:12,,,,missing_dev_boundary
BOOKKEEPER-743,2014-04-04T15:24:54,,,2014-04-24T12:45:31,,,,missing_dev_boundary
BOOKKEEPER-744,2014-04-04T15:26:01,,,2014-05-06T13:14:12,,,,missing_dev_boundary
BOOKKEEPER-745,2014-04-04T15:27:30,,,2014-06-02T15:55:14,,,,missing_dev_boundary
BOOKKEEPER-746,2014-04-04T15:29:38,,,2014-06-03T11:56:58,,,,missing_dev_boundary
BOOKKEEPER-747,2014-04-11T22:58:55,,,2014-05-12T06:36:42,,,,missing_dev_boundary
BOOKKEEPER-748,2014-04-21T06:02:47,2017-06-01T11:08:44,2017-06-05T20:25:33,2017-06-05T20:25:31,27293.0992,105.2803,,missing_testing_boundary
BOOKKEEPER-749,2014-04-28T08:38:50,,,,,,,missing_dev_boundary
BOOKKEEPER-75,2011-10-07T10:36:47,,,2012-11-14T09:51:32,,,,missing_dev_boundary
BOOKKEEPER-750,2014-04-29T20:10:53,,,2014-05-23T16:49:20,,,,missing_dev_boundary
BOOKKEEPER-751,2014-05-07T07:50:31,,,2014-05-30T15:42:22,,,,missing_dev_boundary
BOOKKEEPER-752,2014-05-07T07:57:41,,,2014-05-27T10:53:42,,,,missing_dev_boundary
BOOKKEEPER-753,2014-05-07T08:03:16,2016-11-22T23:06:47,2017-07-22T06:16:39,2017-07-28T00:10:10,22335.0586,5791.1644,137.8919,
BOOKKEEPER-754,2014-05-07T08:05:58,2017-07-20T01:08:24,2017-10-27T23:13:19,2017-07-28T00:02:33,28073.0406,2398.0819,,missing_testing_boundary
BOOKKEEPER-755,2014-05-08T20:46:56,,,2014-05-14T22:44:41,,,,missing_dev_boundary
BOOKKEEPER-756,2014-05-12T04:18:43,,,2014-05-29T07:39:59,,,,missing_dev_boundary
BOOKKEEPER-757,2014-05-12T04:24:32,,,2017-06-22T00:10:05,,,,missing_dev_boundary
BOOKKEEPER-758,2014-05-12T05:01:53,,,2014-05-30T12:02:00,,,,missing_dev_boundary
BOOKKEEPER-759,2014-05-12T05:05:43,2017-06-22T00:45:55,2017-06-29T22:12:48,2017-06-29T22:12:54,27283.6700,189.4481,0.0017,
BOOKKEEPER-76,2011-10-08T10:26:53,,,2011-10-08T11:51:58,,,,missing_dev_boundary
BOOKKEEPER-760,2014-05-12T05:25:24,,,2015-07-28T11:46:05,,,,missing_dev_boundary
BOOKKEEPER-761,2014-05-13T08:42:51,,,2014-05-14T02:16:00,,,,missing_dev_boundary
BOOKKEEPER-762,2014-05-23T21:59:50,,,2017-10-09T09:32:54,,,,missing_dev_boundary
BOOKKEEPER-763,2014-05-29T12:45:01,,,2014-05-30T10:42:17,,,,missing_dev_boundary
BOOKKEEPER-764,2014-05-30T15:44:48,,,2014-05-30T15:49:49,,,,missing_dev_boundary
BOOKKEEPER-765,2014-06-03T16:23:32,,,2014-06-10T10:04:20,,,,missing_dev_boundary
BOOKKEEPER-766,2014-06-03T17:05:57,,,2014-06-05T10:56:49,,,,missing_dev_boundary
BOOKKEEPER-767,2014-06-04T09:05:31,,,2014-06-06T13:32:43,,,,missing_dev_boundary
BOOKKEEPER-768,2014-06-17T17:32:47,,,2014-07-15T07:09:50,,,,missing_dev_boundary
BOOKKEEPER-769,2014-06-19T10:01:13,2016-02-25T00:27:54,2016-03-16T03:51:32,2016-03-16T03:44:48,14774.4447,483.3939,,missing_testing_boundary
BOOKKEEPER-77,2011-10-08T11:59:33,,,2012-02-08T10:50:22,,,,missing_dev_boundary
BOOKKEEPER-770,2013-11-26T17:52:55,,,2017-10-09T09:31:45,,,,missing_dev_boundary
BOOKKEEPER-771,2014-07-15T07:03:48,,,2017-07-25T00:20:51,,,,missing_dev_boundary
BOOKKEEPER-772,2014-07-23T04:16:10,2017-07-01T06:35:18,2017-07-04T04:27:33,2017-07-04T05:10:15,25778.3189,69.8708,0.7117,
BOOKKEEPER-773,2014-07-25T11:17:03,,,2014-09-29T14:29:49,,,,missing_dev_boundary
BOOKKEEPER-774,2014-07-26T07:34:12,,,2014-08-14T06:16:25,,,,missing_dev_boundary
BOOKKEEPER-775,2014-08-02T00:41:58,,,2014-09-10T22:41:48,,,,missing_dev_boundary
BOOKKEEPER-776,2014-08-02T00:43:54,,,2014-09-09T10:40:29,,,,missing_dev_boundary
BOOKKEEPER-777,2014-08-28T14:29:37,,,2014-09-06T05:14:17,,,,missing_dev_boundary
BOOKKEEPER-778,2014-08-28T14:42:25,,,2014-09-09T03:57:24,,,,missing_dev_boundary
BOOKKEEPER-779,2014-08-28T14:53:15,,,2014-09-06T05:27:23,,,,missing_dev_boundary
BOOKKEEPER-78,2011-10-13T14:43:19,,,2012-09-04T13:10:19,,,,missing_dev_boundary
BOOKKEEPER-780,2014-08-28T16:26:31,,,2014-09-04T21:49:48,,,,missing_dev_boundary
BOOKKEEPER-781,2014-09-06T07:41:26,,,2014-09-09T09:03:56,,,,missing_dev_boundary
BOOKKEEPER-782,2014-09-11T09:42:54,,,2014-09-18T04:57:29,,,,missing_dev_boundary
BOOKKEEPER-783,2014-09-12T05:02:48,,,2014-09-17T14:34:10,,,,missing_dev_boundary
BOOKKEEPER-784,2014-09-12T08:35:46,,,2014-09-18T04:54:06,,,,missing_dev_boundary
BOOKKEEPER-785,2014-09-17T14:34:47,,,2014-09-18T04:47:42,,,,missing_dev_boundary
BOOKKEEPER-786,2014-09-20T05:21:40,,,2014-09-22T10:11:56,,,,missing_dev_boundary
BOOKKEEPER-787,2014-09-23T09:20:12,,,2014-09-23T15:55:47,,,,missing_dev_boundary
BOOKKEEPER-788,2014-10-04T15:28:41,,,2017-06-22T00:13:37,,,,missing_dev_boundary
BOOKKEEPER-789,2014-10-04T21:02:35,,,2014-10-08T08:44:17,,,,missing_dev_boundary
BOOKKEEPER-79,2011-10-14T07:37:18,,,2011-11-21T10:33:20,,,,missing_dev_boundary
BOOKKEEPER-790,2014-10-07T07:20:21,,,2014-10-14T08:49:39,,,,missing_dev_boundary
BOOKKEEPER-791,2014-10-09T10:07:58,,,2014-10-10T14:20:18,,,,missing_dev_boundary
BOOKKEEPER-792,2014-10-13T16:11:10,,,,,,,missing_dev_boundary
BOOKKEEPER-793,2014-10-13T16:18:18,,,2014-10-15T05:27:17,,,,missing_dev_boundary
BOOKKEEPER-794,2014-10-17T09:53:24,,,2016-04-05T19:56:39,,,,missing_dev_boundary
BOOKKEEPER-795,2014-10-27T14:18:23,,,2014-12-09T19:55:59,,,,missing_dev_boundary
BOOKKEEPER-796,2014-11-10T16:23:23,,,2015-07-10T20:51:31,,,,missing_dev_boundary
BOOKKEEPER-797,2014-11-19T13:38:19,,,2014-11-19T17:01:00,,,,missing_dev_boundary
BOOKKEEPER-798,2014-11-19T15:07:16,,,2014-12-02T10:11:01,,,,missing_dev_boundary
BOOKKEEPER-799,2014-11-21T11:33:30,,,2014-12-09T19:07:05,,,,missing_dev_boundary
BOOKKEEPER-8,2010-07-20T03:30:10,,,2011-11-09T16:05:02,,,,missing_dev_boundary
BOOKKEEPER-80,2011-10-14T07:50:11,,,2011-11-08T18:10:18,,,,missing_dev_boundary
BOOKKEEPER-800,2014-11-21T13:30:18,,,2014-12-05T13:39:55,,,,missing_dev_boundary
BOOKKEEPER-801,2014-11-21T16:51:10,,,2014-12-12T11:13:13,,,,missing_dev_boundary
BOOKKEEPER-802,2014-11-21T16:56:18,,,2015-09-07T15:59:33,,,,missing_dev_boundary
BOOKKEEPER-803,2014-11-21T17:00:24,,,2014-12-12T11:15:06,,,,missing_dev_boundary
BOOKKEEPER-804,2014-11-24T12:17:26,,,2014-12-06T06:43:18,,,,missing_dev_boundary
BOOKKEEPER-805,2014-11-25T11:37:02,,,2014-12-06T05:55:39,,,,missing_dev_boundary
BOOKKEEPER-806,2014-11-27T02:16:49,,,2017-10-09T09:31:14,,,,missing_dev_boundary
BOOKKEEPER-807,2014-12-02T04:32:57,,,,,,,missing_dev_boundary
BOOKKEEPER-808,2014-12-02T04:38:11,,,,,,,missing_dev_boundary
BOOKKEEPER-809,2014-12-04T02:16:56,,,2014-12-06T06:16:51,,,,missing_dev_boundary
BOOKKEEPER-81,2011-10-14T08:37:16,,,2011-11-17T09:00:04,,,,missing_dev_boundary
BOOKKEEPER-810,2014-12-04T02:32:27,,,2014-12-06T06:58:52,,,,missing_dev_boundary
BOOKKEEPER-811,2014-12-04T02:38:19,,,2014-12-06T07:06:21,,,,missing_dev_boundary
BOOKKEEPER-812,2014-12-04T02:43:11,,,,,,,missing_dev_boundary
BOOKKEEPER-813,2014-12-04T02:49:36,,,2014-12-06T06:50:48,,,,missing_dev_boundary
BOOKKEEPER-814,2014-12-04T03:00:59,,,2014-12-10T18:46:56,,,,missing_dev_boundary
BOOKKEEPER-815,2014-12-04T03:07:12,,,2014-12-05T11:27:47,,,,missing_dev_boundary
BOOKKEEPER-816,2014-12-05T06:15:20,2016-11-22T22:09:43,2020-07-27T06:56:15,2020-07-27T06:56:15,17247.9064,32216.7756,0.0000,
BOOKKEEPER-817,2014-12-05T06:17:58,,,,,,,missing_dev_boundary
BOOKKEEPER-818,2014-12-05T06:20:04,2017-11-10T21:01:25,2017-11-12T07:14:06,2017-11-12T07:14:06,25718.6892,34.2114,0.0000,
BOOKKEEPER-819,2014-12-05T06:26:31,,,,,,,missing_dev_boundary
BOOKKEEPER-82,2011-10-14T09:27:18,,,2011-11-11T10:25:06,,,,missing_dev_boundary
BOOKKEEPER-820,2014-12-05T07:52:54,,,2014-12-06T06:31:24,,,,missing_dev_boundary
BOOKKEEPER-821,2014-12-08T04:43:26,,,2015-05-20T06:20:45,,,,missing_dev_boundary
BOOKKEEPER-822,2014-12-09T20:31:21,,,,,,,missing_dev_boundary
BOOKKEEPER-823,2014-12-10T18:48:13,,,2015-07-07T06:25:30,,,,missing_dev_boundary
BOOKKEEPER-824,2014-12-11T23:39:50,,,,,,,missing_dev_boundary
BOOKKEEPER-825,2014-12-12T00:11:27,,,,,,,missing_dev_boundary
BOOKKEEPER-826,2014-12-12T00:26:08,,,2015-10-06T09:13:08,,,,missing_dev_boundary
BOOKKEEPER-827,2014-12-13T07:39:51,,,2015-01-16T15:02:38,,,,missing_dev_boundary
BOOKKEEPER-828,2014-12-16T18:58:30,,,2015-03-18T06:22:54,,,,missing_dev_boundary
BOOKKEEPER-829,2014-12-17T15:56:40,,,2015-08-23T15:26:04,,,,missing_dev_boundary
BOOKKEEPER-83,2011-10-17T09:08:32,,,2011-10-27T13:41:11,,,,missing_dev_boundary
BOOKKEEPER-830,2014-12-17T16:00:49,,,2015-01-19T21:03:44,,,,missing_dev_boundary
BOOKKEEPER-831,2014-12-17T16:06:17,,,2015-03-12T07:57:25,,,,missing_dev_boundary
BOOKKEEPER-832,2014-12-22T16:16:12,,,2015-01-12T14:20:46,,,,missing_dev_boundary
BOOKKEEPER-833,2014-12-23T01:21:35,,,2015-04-21T08:08:53,,,,missing_dev_boundary
BOOKKEEPER-834,2015-01-13T05:10:05,,,2015-03-18T06:37:15,,,,missing_dev_boundary
BOOKKEEPER-835,2015-01-16T17:26:54,,,2015-05-19T07:38:59,,,,missing_dev_boundary
BOOKKEEPER-836,2015-01-22T00:05:22,,,2015-04-21T07:55:43,,,,missing_dev_boundary
BOOKKEEPER-837,2015-02-06T15:16:20,,,2015-03-12T07:37:52,,,,missing_dev_boundary
BOOKKEEPER-838,2015-02-21T05:21:24,,,2015-02-23T07:21:27,,,,missing_dev_boundary
BOOKKEEPER-839,2015-02-24T17:07:41,,,2015-03-12T07:26:05,,,,missing_dev_boundary
BOOKKEEPER-84,2011-10-17T16:00:55,,,2011-10-23T06:10:20,,,,missing_dev_boundary
BOOKKEEPER-840,2015-03-09T23:40:13,,,2015-03-18T05:41:04,,,,missing_dev_boundary
BOOKKEEPER-841,2015-03-09T23:41:58,2016-01-31T20:03:20,2016-02-23T23:44:50,2016-02-23T23:45:33,7868.3561,555.6917,0.0119,
BOOKKEEPER-842,2015-03-10T02:05:28,,,,,,,missing_dev_boundary
BOOKKEEPER-843,2015-03-10T02:08:23,,,2017-06-22T00:35:04,,,,missing_dev_boundary
BOOKKEEPER-844,2015-03-12T09:03:06,,,2015-03-18T06:46:09,,,,missing_dev_boundary
BOOKKEEPER-845,2015-03-17T08:17:07,,,2015-06-01T04:55:16,,,,missing_dev_boundary
BOOKKEEPER-846,2015-03-20T21:53:37,,,2015-04-21T08:20:24,,,,missing_dev_boundary
BOOKKEEPER-847,2015-03-28T15:36:13,,,2015-04-21T07:36:25,,,,missing_dev_boundary
BOOKKEEPER-848,2015-04-10T21:12:23,,,2015-04-21T07:39:57,,,,missing_dev_boundary
BOOKKEEPER-849,2015-04-10T21:17:15,,,2015-04-21T07:18:31,,,,missing_dev_boundary
BOOKKEEPER-85,2011-10-17T21:41:31,,,2017-10-09T09:54:43,,,,missing_dev_boundary
BOOKKEEPER-850,2015-04-10T21:41:41,,,2015-04-21T07:24:54,,,,missing_dev_boundary
BOOKKEEPER-851,2015-04-10T21:51:12,2016-02-01T08:22:12,2016-03-08T05:50:13,2016-03-08T05:50:33,7114.5167,861.4669,0.0056,
BOOKKEEPER-852,2015-04-10T23:50:18,2016-11-12T02:59:53,2017-03-28T20:37:28,2017-03-28T20:37:27,13947.1597,3281.6264,,missing_testing_boundary
BOOKKEEPER-853,2015-04-21T07:58:03,,,,,,,missing_dev_boundary
BOOKKEEPER-854,2015-05-19T08:18:32,,,2015-05-20T04:23:36,,,,missing_dev_boundary
BOOKKEEPER-855,2015-05-24T05:25:21,2015-11-03T07:50:03,2016-01-26T21:11:29,2016-01-26T21:13:44,3914.4117,2029.3572,0.0375,
BOOKKEEPER-856,2015-05-24T14:15:22,,,,,,,missing_dev_boundary
BOOKKEEPER-857,2015-05-24T14:21:12,,,2016-03-16T04:18:26,,,,missing_dev_boundary
BOOKKEEPER-858,2015-05-30T09:42:08,,,2015-06-02T06:03:08,,,,missing_dev_boundary
BOOKKEEPER-859,2015-06-21T13:34:44,,,2016-05-16T21:02:57,,,,missing_dev_boundary
BOOKKEEPER-86,2011-10-18T17:04:53,,,2011-10-18T18:14:59,,,,missing_dev_boundary
BOOKKEEPER-860,2015-07-27T16:57:08,,,,,,,missing_dev_boundary
BOOKKEEPER-861,2015-08-02T18:53:00,,,2016-04-10T04:28:31,,,,missing_dev_boundary
BOOKKEEPER-862,2015-08-02T21:35:18,,,2015-10-06T08:08:05,,,,missing_dev_boundary
BOOKKEEPER-863,2015-08-06T17:05:04,,,2015-08-12T02:01:49,,,,missing_dev_boundary
BOOKKEEPER-864,2015-08-18T19:54:47,,,,,,,missing_dev_boundary
BOOKKEEPER-865,2015-08-31T02:01:57,,,,,,,missing_dev_boundary
BOOKKEEPER-866,2015-08-31T12:51:55,,,2015-10-16T05:01:34,,,,missing_dev_boundary
BOOKKEEPER-867,2015-09-01T18:02:23,,,2015-10-22T07:24:43,,,,missing_dev_boundary
BOOKKEEPER-868,2015-09-08T16:01:41,,,2015-10-06T08:49:13,,,,missing_dev_boundary
BOOKKEEPER-869,2015-09-15T01:36:41,,,,,,,missing_dev_boundary
BOOKKEEPER-87,2011-10-19T08:55:34,,,2011-11-17T14:01:22,,,,missing_dev_boundary
BOOKKEEPER-870,2015-09-15T01:37:18,2016-04-10T04:37:06,2016-04-13T22:52:11,2016-04-13T23:11:54,4994.9967,90.2514,0.3286,
BOOKKEEPER-871,2015-09-21T14:33:30,,,2016-06-28T14:08:59,,,,missing_dev_boundary
BOOKKEEPER-872,2015-09-21T17:17:26,,,2015-10-10T16:38:55,,,,missing_dev_boundary
BOOKKEEPER-873,2015-09-22T18:09:35,2016-12-01T02:42:10,2017-01-31T01:42:13,2017-01-31T01:42:12,10448.5431,1463.0008,,missing_testing_boundary
BOOKKEEPER-874,2015-09-22T18:12:55,2016-12-09T21:51:20,2017-01-31T03:02:12,2017-01-31T03:02:08,10659.6403,1253.1811,,missing_testing_boundary
BOOKKEEPER-875,2015-09-23T06:51:41,,,,,,,missing_dev_boundary
BOOKKEEPER-876,2015-10-11T15:44:29,,,2016-10-19T03:31:28,,,,missing_dev_boundary
BOOKKEEPER-877,2015-11-04T09:38:30,,,2016-01-22T05:21:09,,,,missing_dev_boundary
BOOKKEEPER-878,2015-11-05T18:55:19,,,,,,,missing_dev_boundary
BOOKKEEPER-879,2015-11-09T11:32:41,2015-11-25T16:16:39,2016-02-23T18:16:57,2016-02-23T18:17:16,388.7328,2162.0050,0.0053,
BOOKKEEPER-88,2011-10-19T18:34:22,,,2011-10-24T09:38:52,,,,missing_dev_boundary
BOOKKEEPER-880,2015-11-11T08:56:52,2016-04-08T07:01:39,2016-04-08T17:43:33,2016-04-08T17:44:35,3574.0797,10.6983,0.0172,
BOOKKEEPER-881,2015-11-12T07:59:35,2016-06-08T22:26:27,2016-06-08T23:05:01,2016-06-08T23:08:51,5030.4478,0.6428,0.0639,
BOOKKEEPER-882,2015-11-16T17:35:18,,,,,,,missing_dev_boundary
BOOKKEEPER-883,2015-11-25T23:29:29,2016-02-04T19:27:10,2016-02-09T07:12:32,2016-02-09T07:16:14,1699.9614,107.7561,0.0617,
BOOKKEEPER-884,2016-01-12T15:28:13,,,2016-01-12T19:03:38,,,,missing_dev_boundary
BOOKKEEPER-885,2016-01-13T10:21:18,2016-01-13T10:26:38,2016-01-24T17:40:44,2016-01-24T17:45:42,0.0889,271.2350,0.0828,
BOOKKEEPER-886,2016-02-01T08:30:07,2016-02-01T08:32:19,2016-02-09T07:32:42,2016-02-09T07:32:51,0.0367,191.0064,0.0025,
BOOKKEEPER-887,2016-02-01T08:40:56,,,2017-05-15T21:22:10,,,,missing_dev_boundary
BOOKKEEPER-888,2016-02-01T09:03:58,2016-02-01T09:10:18,2016-02-09T07:30:41,2016-02-09T07:31:17,0.1056,190.3397,0.0100,
BOOKKEEPER-889,2016-02-03T02:12:04,2016-02-04T19:35:39,2016-03-08T06:07:05,2016-03-08T06:07:13,41.3931,778.5239,0.0022,
BOOKKEEPER-89,2011-10-24T09:56:00,,,2011-10-27T16:28:03,,,,missing_dev_boundary
BOOKKEEPER-890,2016-02-03T19:59:11,2016-02-03T20:03:35,2016-02-09T07:23:48,2016-02-09T07:24:44,0.0733,131.3369,0.0156,
BOOKKEEPER-891,2016-02-05T16:42:51,2016-02-05T16:47:13,2016-02-09T07:40:08,2016-02-09T07:41:28,0.0728,86.8819,0.0222,
BOOKKEEPER-892,2016-02-08T03:02:08,2016-02-08T05:26:07,2016-02-09T07:28:22,2016-02-09T07:29:39,2.3997,26.0375,0.0214,
BOOKKEEPER-893,2016-02-08T06:03:15,2016-02-08T06:53:07,2016-02-09T07:37:15,2016-02-09T07:37:51,0.8311,24.7356,0.0100,
BOOKKEEPER-894,2016-02-09T17:19:59,2016-03-09T05:46:43,2016-03-16T04:03:52,2016-03-16T04:04:06,684.4456,166.2858,0.0039,
BOOKKEEPER-895,2016-02-11T05:07:22,2016-03-09T08:28:37,2016-04-27T07:55:38,2016-04-27T07:55:48,651.3542,1175.4503,0.0028,
BOOKKEEPER-896,2016-02-19T09:27:29,2016-03-04T14:26:02,2016-04-05T16:47:48,2016-05-25T06:51:55,340.9758,770.3628,1190.0686,
BOOKKEEPER-897,2016-02-23T18:56:41,2016-02-23T19:30:59,2016-02-23T23:34:56,2016-02-23T23:39:23,0.5717,4.0658,0.0742,
BOOKKEEPER-898,2016-02-28T19:04:48,2016-03-02T02:23:28,2016-03-08T06:18:28,2016-03-08T06:19:06,55.3111,147.9167,0.0106,
BOOKKEEPER-899,2016-02-28T19:16:33,2016-02-29T18:39:13,2016-03-08T06:14:24,2016-03-08T06:14:36,23.3778,179.5864,0.0033,
BOOKKEEPER-9,2011-03-18T21:05:59,,,2017-10-09T09:58:38,,,,missing_dev_boundary
BOOKKEEPER-90,2011-10-24T13:09:11,,,2011-11-17T21:40:22,,,,missing_dev_boundary
BOOKKEEPER-900,2016-02-29T03:46:12,2016-02-29T18:27:10,2016-03-08T06:16:16,2016-03-08T06:16:25,14.6828,179.8183,0.0025,
BOOKKEEPER-901,2016-03-08T19:59:05,2016-03-08T22:54:08,2016-04-05T06:46:13,2016-04-05T06:46:23,2.9175,655.8681,0.0028,
BOOKKEEPER-902,2016-03-08T20:46:18,2016-03-08T21:20:42,2016-03-14T05:39:31,2016-03-14T19:12:42,0.5733,128.3136,13.5531,
BOOKKEEPER-903,2016-03-09T20:18:44,2016-10-19T18:29:56,2016-11-09T02:06:13,2016-11-09T02:07:15,5374.1867,487.6047,0.0172,
BOOKKEEPER-904,2016-03-14T16:33:05,2016-04-06T11:30:39,2016-04-06T16:38:33,2016-04-06T16:39:16,546.9594,5.1317,0.0119,
BOOKKEEPER-905,2016-03-15T01:31:24,,,,,,,missing_dev_boundary
BOOKKEEPER-906,2016-03-15T12:56:37,,,2016-12-15T14:39:59,,,,missing_dev_boundary
BOOKKEEPER-907,2016-03-16T23:20:51,2016-12-28T23:22:49,2017-01-30T20:31:24,2017-01-30T20:31:24,6888.0328,789.1431,0.0000,
BOOKKEEPER-908,2016-03-29T17:07:13,2016-05-16T17:27:13,2016-07-11T20:53:42,2016-07-11T20:53:46,1152.3333,1347.4414,0.0011,
BOOKKEEPER-909,2016-03-31T20:28:05,,,2016-03-31T20:56:05,,,,missing_dev_boundary
BOOKKEEPER-91,2011-10-24T16:14:33,,,2011-11-17T10:20:27,,,,missing_dev_boundary
BOOKKEEPER-910,2016-04-01T17:31:16,,,2016-04-11T20:39:43,,,,missing_dev_boundary
BOOKKEEPER-911,2016-04-02T17:38:29,2016-04-05T07:51:38,2016-04-27T07:01:30,2016-04-27T07:01:22,62.2192,527.1644,,missing_testing_boundary
BOOKKEEPER-912,2016-04-05T15:23:17,2016-10-31T08:53:49,2016-11-17T23:44:22,2016-11-17T23:44:18,5009.5089,422.8425,,missing_testing_boundary
BOOKKEEPER-913,2016-04-05T16:02:32,2016-04-06T17:03:56,2016-04-10T03:20:19,2016-04-10T03:20:42,25.0233,82.2731,0.0064,
BOOKKEEPER-914,2016-04-06T18:38:15,2016-04-07T18:55:38,2016-04-07T19:55:31,2016-04-07T19:56:08,24.2897,0.9981,0.0103,
BOOKKEEPER-915,2016-04-07T04:46:28,,,,,,,missing_dev_boundary
BOOKKEEPER-916,2016-04-07T06:10:52,,,,,,,missing_dev_boundary
BOOKKEEPER-917,2016-04-07T09:23:06,2016-04-09T21:22:39,2016-04-10T03:59:22,2016-04-10T04:00:35,59.9925,6.6119,0.0203,
BOOKKEEPER-918,2016-04-07T14:22:28,,,,,,,missing_dev_boundary
BOOKKEEPER-919,2016-04-07T20:00:40,2016-04-13T22:17:02,2016-04-27T07:31:06,2016-04-27T07:31:53,146.2728,321.2344,0.0131,
BOOKKEEPER-92,2011-10-25T12:50:40,,,2011-10-25T15:15:09,,,,missing_dev_boundary
BOOKKEEPER-920,2016-04-11T18:55:15,2016-04-13T06:12:13,2016-04-27T07:07:25,2016-04-27T07:07:40,35.2828,336.9200,0.0042,
BOOKKEEPER-921,2016-04-11T20:37:02,,,2016-04-27T08:06:10,,,,missing_dev_boundary
BOOKKEEPER-922,2016-04-13T01:11:24,2016-06-06T22:58:35,2016-07-11T21:01:48,2016-07-11T21:01:46,1317.7864,838.0536,,missing_testing_boundary
BOOKKEEPER-923,2016-04-19T15:27:13,,,2017-04-26T10:27:29,,,,missing_dev_boundary
BOOKKEEPER-924,2016-04-22T16:40:50,2016-04-22T21:15:55,2016-10-16T15:09:33,2016-10-13T07:27:38,4.5847,4241.8939,,missing_testing_boundary
BOOKKEEPER-925,2016-04-27T16:04:18,2016-04-27T17:00:44,2016-04-29T03:05:53,2016-04-30T00:14:22,0.9406,34.0858,21.1414,
BOOKKEEPER-926,2016-04-30T21:58:42,2016-04-30T22:04:44,2016-05-04T13:56:15,2016-05-04T13:56:41,0.1006,87.8586,0.0072,
BOOKKEEPER-927,2016-05-15T22:39:03,2016-05-17T01:56:21,2016-07-25T22:23:01,2017-05-24T07:00:31,27.2883,1676.4444,7256.6250,
BOOKKEEPER-928,2016-05-24T07:17:39,,,2017-04-26T10:27:13,,,,missing_dev_boundary
BOOKKEEPER-929,2016-05-30T23:04:43,,,,,,,missing_dev_boundary
BOOKKEEPER-93,2011-10-25T14:44:46,,,2011-10-27T16:53:24,,,,missing_dev_boundary
BOOKKEEPER-930,2016-06-10T13:45:27,2016-06-17T13:22:18,2016-09-10T18:28:07,2016-09-10T18:28:15,167.6142,2045.0969,0.0022,
BOOKKEEPER-931,2016-06-14T07:32:35,,,2016-06-14T07:46:27,,,,missing_dev_boundary
BOOKKEEPER-932,2016-06-16T22:57:57,2016-06-16T23:23:38,2016-07-11T21:06:52,2016-07-11T21:06:52,0.4281,597.7206,0.0000,
BOOKKEEPER-933,2016-06-17T15:06:00,2016-06-22T07:39:29,2016-07-31T05:53:47,2016-07-31T05:53:52,112.5581,934.2383,0.0014,
BOOKKEEPER-934,2016-06-19T22:54:16,,,,,,,missing_dev_boundary
BOOKKEEPER-935,2016-06-21T10:55:44,2017-07-28T04:27:21,2017-07-28T18:12:47,2017-07-28T18:13:05,9641.5269,13.7572,0.0050,
BOOKKEEPER-936,2016-06-23T06:38:04,,,,,,,missing_dev_boundary
BOOKKEEPER-937,2016-06-27T18:30:37,2016-06-28T18:52:33,2016-08-16T17:42:31,2016-08-16T17:44:34,24.3656,1174.8328,0.0342,
BOOKKEEPER-938,2016-07-08T20:25:54,2016-07-08T23:09:51,2016-08-01T06:04:25,2016-08-01T06:04:30,2.7325,558.9094,0.0014,
BOOKKEEPER-939,2016-07-11T19:26:13,2016-07-11T20:51:19,2016-07-11T22:19:56,2016-07-11T22:25:57,1.4183,1.4769,0.1003,
BOOKKEEPER-94,2011-10-26T01:22:48,,,2011-10-26T14:07:09,,,,missing_dev_boundary
BOOKKEEPER-940,2016-07-12T06:54:55,2016-07-14T10:40:58,2016-07-14T21:02:58,2016-07-14T21:03:02,51.7675,10.3667,0.0011,
BOOKKEEPER-941,2016-07-12T15:47:43,2016-07-13T06:37:35,2016-07-31T05:56:40,2016-07-31T05:56:52,14.8311,431.3181,0.0033,
BOOKKEEPER-942,2016-08-19T13:24:07,,,,,,,missing_dev_boundary
BOOKKEEPER-943,2016-08-24T07:46:30,2016-12-27T15:01:01,2017-01-11T06:41:35,2017-01-11T06:41:32,3007.2419,351.6761,,missing_testing_boundary
BOOKKEEPER-944,2016-08-26T17:48:59,2017-02-13T22:05:04,2017-06-05T18:31:14,2017-06-05T18:31:06,4108.2681,2684.4361,,missing_testing_boundary
BOOKKEEPER-945,2016-08-26T19:08:30,2016-08-29T20:29:18,2016-09-10T19:01:46,2017-06-22T00:37:00,73.3467,286.5411,6821.5872,
BOOKKEEPER-946,2016-08-26T19:17:49,2016-09-14T23:01:30,2016-12-17T01:44:41,2016-12-17T01:44:36,459.7281,2234.7197,,missing_testing_boundary
BOOKKEEPER-947,2016-08-31T14:17:39,,,2017-10-09T09:20:30,,,,missing_dev_boundary
BOOKKEEPER-948,2016-09-23T20:01:14,2016-09-28T22:22:28,2016-11-29T23:02:45,2016-11-29T23:03:07,122.3539,1488.6714,0.0061,
BOOKKEEPER-949,2016-09-28T16:28:11,2016-12-28T18:56:40,2017-01-30T22:25:18,2017-01-30T22:25:15,2186.4747,795.4772,,missing_testing_boundary
BOOKKEEPER-95,2011-10-26T07:24:23,,,2012-01-18T12:10:02,,,,missing_dev_boundary
BOOKKEEPER-950,2016-10-05T23:27:18,2016-12-14T19:41:44,2017-03-28T20:35:45,2017-03-28T20:35:43,1676.2406,2496.9003,,missing_testing_boundary
BOOKKEEPER-951,2016-10-14T00:23:13,,,,,,,missing_dev_boundary
BOOKKEEPER-952,2016-10-14T05:36:23,2016-10-14T05:37:07,2016-10-20T17:38:52,2016-10-20T17:38:53,0.0122,156.0292,0.0003,
BOOKKEEPER-953,2016-10-16T19:29:01,,,,,,,missing_dev_boundary
BOOKKEEPER-954,2016-10-19T10:29:41,,,,,,,missing_dev_boundary
BOOKKEEPER-955,2016-10-19T21:33:04,2016-10-19T21:47:08,2016-11-29T23:07:59,2016-11-29T23:07:57,0.2344,985.3475,,missing_testing_boundary
BOOKKEEPER-956,2016-10-19T21:57:16,2016-10-19T22:10:44,2016-11-09T02:09:07,2016-11-09T02:09:10,0.2244,483.9731,0.0008,
BOOKKEEPER-957,2016-10-19T22:31:59,2016-10-19T23:16:32,2016-11-09T07:45:12,2016-11-09T07:48:49,0.7425,488.4778,0.0603,
BOOKKEEPER-958,2016-10-19T23:23:54,2016-10-19T23:55:38,2016-11-09T07:49:38,2016-11-09T07:49:43,0.5289,487.9000,0.0014,
BOOKKEEPER-959,2016-10-20T12:11:16,2016-10-20T14:22:30,2017-01-31T01:14:41,2017-01-31T01:22:32,2.1872,2458.8697,0.1308,
BOOKKEEPER-96,2011-10-26T07:25:45,,,2012-03-19T12:05:15,,,,missing_dev_boundary
BOOKKEEPER-960,2016-10-31T05:41:31,,,,,,,missing_dev_boundary
BOOKKEEPER-961,2016-11-02T20:31:25,2016-11-02T20:46:12,2016-11-12T02:35:45,2016-11-12T02:36:32,0.2464,221.8258,0.0131,
BOOKKEEPER-962,2016-11-02T20:50:00,2016-11-02T20:51:27,2016-11-12T02:37:55,2016-11-12T02:38:08,0.0242,221.7744,0.0036,
BOOKKEEPER-963,2016-11-02T20:52:39,2016-11-02T20:55:04,2017-03-23T17:30:43,2017-03-22T21:59:39,0.0403,3380.5942,,missing_testing_boundary
BOOKKEEPER-964,2016-11-02T21:07:17,2016-11-02T21:10:17,2016-12-21T18:40:45,2016-12-21T18:40:42,0.0500,1173.5078,,missing_testing_boundary
BOOKKEEPER-965,2016-11-08T15:25:53,2016-11-08T16:21:11,2016-11-17T23:18:52,2016-11-17T23:32:57,0.9217,222.9614,0.2347,
BOOKKEEPER-966,2016-11-09T07:43:28,2016-11-09T09:44:15,2016-12-17T01:45:26,2016-12-17T01:45:24,2.0131,904.0197,,missing_testing_boundary
BOOKKEEPER-967,2016-11-10T20:00:46,2016-11-30T21:27:35,2016-12-17T01:42:34,2016-12-17T01:42:31,481.4469,388.2497,,missing_testing_boundary
BOOKKEEPER-968,2016-11-11T08:08:22,2016-11-11T08:14:24,2017-01-31T01:11:50,2017-01-31T01:11:47,0.1006,1936.9572,,missing_testing_boundary
BOOKKEEPER-969,2016-11-11T20:45:24,,,2017-08-02T08:48:12,,,,missing_dev_boundary
BOOKKEEPER-97,2011-10-26T07:27:32,,,2012-03-29T13:03:01,,,,missing_dev_boundary
BOOKKEEPER-970,2016-11-19T01:09:08,2016-11-19T01:10:06,2017-03-23T14:59:18,2017-03-23T14:59:15,0.0161,2989.8200,,missing_testing_boundary
BOOKKEEPER-971,2016-11-23T01:34:01,2016-11-25T06:57:07,2016-12-17T01:43:52,2016-12-17T01:43:51,53.3850,522.7792,,missing_testing_boundary
BOOKKEEPER-972,2016-11-23T02:09:53,,,,,,,missing_dev_boundary
BOOKKEEPER-973,2016-11-23T02:10:20,,,2016-11-23T04:37:04,,,,missing_dev_boundary
BOOKKEEPER-974,2016-11-23T02:12:20,2017-06-21T09:51:49,2017-08-01T07:36:25,2017-08-01T07:36:25,5047.6581,981.7433,0.0000,
BOOKKEEPER-975,2016-11-25T03:29:43,,,,,,,missing_dev_boundary
BOOKKEEPER-976,2016-11-25T13:21:04,2016-11-25T13:23:41,2016-11-29T23:19:22,2016-11-29T23:19:22,0.0436,105.9281,0.0000,
BOOKKEEPER-977,2016-11-28T19:39:26,,,,,,,missing_dev_boundary
BOOKKEEPER-978,2016-11-28T19:53:25,,,2017-06-22T00:21:45,,,,missing_dev_boundary
BOOKKEEPER-979,2016-11-28T20:49:30,,,,,,,missing_dev_boundary
BOOKKEEPER-98,2011-10-26T07:29:32,,,2012-02-01T12:02:31,,,,missing_dev_boundary
BOOKKEEPER-980,2016-11-29T18:44:28,2017-07-18T00:25:55,2017-07-18T08:47:58,2017-07-18T08:48:50,5525.6908,8.3675,0.0144,
BOOKKEEPER-981,2016-12-06T10:25:17,,,2017-07-17T21:31:01,,,,missing_dev_boundary
BOOKKEEPER-982,2016-12-07T11:25:57,,,,,,,missing_dev_boundary
BOOKKEEPER-983,2016-12-09T23:22:54,2016-12-13T02:37:19,2016-12-21T00:43:08,2016-12-21T00:45:07,75.2403,190.0969,0.0331,
BOOKKEEPER-984,2016-12-10T00:38:26,2016-12-13T07:47:00,2016-12-17T01:39:58,2016-12-17T01:39:58,79.1428,89.8828,0.0000,
BOOKKEEPER-985,2016-12-13T10:08:08,,,,,,,missing_dev_boundary
BOOKKEEPER-986,2016-12-13T19:21:17,2016-12-13T21:03:11,2016-12-21T00:49:09,2016-12-21T00:49:22,1.6983,171.7661,0.0036,
BOOKKEEPER-987,2016-12-16T16:07:26,2016-12-16T16:10:13,2016-12-17T01:40:40,2016-12-17T01:40:35,0.0464,9.5075,,missing_testing_boundary
BOOKKEEPER-988,2016-12-18T16:21:23,2016-12-18T16:22:45,2016-12-20T21:43:27,2016-12-20T21:43:26,0.0228,53.3450,,missing_testing_boundary
BOOKKEEPER-989,2016-12-20T22:00:51,2017-05-26T17:05:46,2017-06-01T20:59:59,2017-06-01T21:00:00,3763.0819,147.9036,0.0003,
BOOKKEEPER-99,2011-10-26T08:56:49,,,2012-03-31T07:40:37,,,,missing_dev_boundary
BOOKKEEPER-990,2016-12-20T22:02:09,,,,,,,missing_dev_boundary
BOOKKEEPER-991,2016-12-28T21:41:52,2016-12-28T22:05:21,2017-01-11T06:38:09,2017-01-11T06:38:09,0.3914,320.5467,0.0000,
BOOKKEEPER-992,2016-12-29T00:49:08,2016-12-29T00:55:07,2017-01-11T06:35:14,2017-07-25T00:23:33,0.0997,317.6686,4673.8053,
BOOKKEEPER-995,2017-01-26T00:26:55,,,,,,,missing_dev_boundary
BOOKKEEPER-996,2017-01-31T03:01:10,2017-01-31T03:05:00,2017-01-31T21:45:52,2017-01-31T21:45:49,0.0639,18.6811,,missing_testing_boundary
BOOKKEEPER-997,2017-01-31T22:14:07,2017-04-04T01:29:18,2017-04-11T18:20:46,2017-04-11T18:20:43,1491.2531,184.8578,,missing_testing_boundary
BOOKKEEPER-998,2017-02-06T22:27:44,2017-02-06T22:58:32,2017-03-22T23:48:22,2017-03-22T23:48:21,0.5133,1056.8306,,missing_testing_boundary
BOOKKEEPER-999,2017-02-08T14:44:49,2017-02-08T14:46:45,2017-03-22T23:52:09,2017-03-22T23:52:02,0.0322,1017.0900,,missing_testing_boundary
